0000000000000000097bdc8aa8a3548002953aafb1170742d62b2eeac28c582f,blk00216.dat,131318897,293967,716,1421024626
0000000000000000172234fe35d5aec640169af445bb6d5bb205e2bae2ddded0,blk00216.dat,130938030,380872,715,1421024244
00000000000000001317afe3d923f21bd6f308eb85acd1b2e16ffde78901fea3,blk00216.dat,130188847,749193,714,1421024054
000000000000000005c69c01bed3cd002073b39222b3f066a91237ae9013d921,blk00216.dat,129866172,322679,713,1421022192
00000000000000000534869e3c5331995bac8f3ff17949c7d96bd0d9cf387e78,blk00216.dat,129117038,749165,712,1421021653
00000000000000000afc00b59eaf4a74b5d0a21c4714a25bcd15cb6d6118aa75,blk00216.dat,129004788,112253,711,1421019523
000000000000000016d5ae677542be4bd6bffb9edb2d4d006792b66d4dfb5cca,blk00216.dat,128933005,71786,710,1421019319
000000000000000004216a76628549c6433eadfa2152d023c7152fd47745cea3,blk00216.dat,128752785,180226,709,1421019195
00000000000000000b4045df07aa7b954bcca7e8c302a7f7e6a41eaf50274abe,blk00216.dat,128726631,26154,708,1421018860
00000000000000001569d1a5276814e49d134e34504ea471ab2bbc860b0928d2,blk00216.dat,128056104,670538,707,1421018840
000000000000000007753a49093f203e6c63024e1ed67ff48e33d663ee6f0656,blk00216.dat,127950317,105787,706,1421017796
000000000000000005e728d3c20994f89e4d700b1caaf103d2b27ca98cf42623,blk00216.dat,127720290,230031,705,1421017591
00000000000000001aa8bb9ac9e8e213523240f7f0055272bb916a1020b9e5e9,blk00216.dat,127372738,347557,704,1421017313
0000000000000000189a9f8ecab9f6bdbfd1f235c48abe05f449b29cb293cc30,blk00216.dat,126898797,473943,703,1421016785
00000000000000000179ffabda0aef0ea5d06c6662f126d14385f2acf03581f8,blk00216.dat,126861299,37498,702,1421016233
0000000000000000007f0b9ba4104161c29b8b06ea392fb2670a5eb01df4fc9c,,0,0,0,0
0000000000000000180539020fb24f2682446c4964e00314493829e3489778eb,,0,0,0,0
0000000000000000125ca632bfec73dcbf437c06b75d640537b2c55b7950b7e5,,0,0,0,0
00000000000000000d41f9ac3e2a4a621769f4f077c490bf2b2a967ebfd04e42,,0,0,0,0
000000000000000003333165f2bbbda1602139baa8bc11fcafab6790b999da46,,0,0,0,0
00000000000000000cd25e479a2ed61c818e3c87422b699480d9f514fff162a6,,0,0,0,0
00000000000000000de94957a6364dfec682e82542a8e4ff18f4651a3b462c61,,0,0,0,0
00000000000000000e37b1a9c468ed9020d83087eb00bfb9680d2e0c9cab64b5,,0,0,0,0
000000000000000001a40b59666d48390c02a1aba1c9eee828b39b8c869c375d,,0,0,0,0
00000000000000000fecfa622338b1f43ed7baf13d3dab1c9243a6eb21b20061,,0,0,0,0
00000000000000000ffea8efc1221d2794d69c3dbee861801ec2a563355b8b89,,0,0,0,0
00000000000000001414277eacd1f566c010972ca15d8ae7a55f55d45e1c6731,,0,0,0,0
00000000000000000b51b817994ab66f964478c2de6b8c458dc2b35d97d5746c,,0,0,0,0
00000000000000001272074735f95ec701e54535000b88afaf21320854b0c458,,0,0,0,0
000000000000000000433c9053877a1d90c33af4f0debdf1771d7379767b105c,,0,0,0,0
00000000000000000d5587a5b527713ec5e6ad111898f898e7b7d82e5e44da60,,0,0,0,0
00000000000000001371a44b427cc93f1e99772088902c189e8db92b7850a1ec,,0,0,0,0
000000000000000004592a897e518c27f3ee8c428834453823cf9e3db925ae8a,,0,0,0,0
000000000000000008e4fcf183606ff51ded67742e17609fc67fa2b052f8377b,,0,0,0,0
00000000000000001a8b749457090c2228ec6a6628309b911415fd2450c965c1,,0,0,0,0
00000000000000000fc2cd19f7d8058b66656afa731aef9f512fc2f0c2d4aaae,,0,0,0,0
00000000000000000978f16c627e26a99f372d49f3be3c0963017629c0f35c12,,0,0,0,0
000000000000000004c2ed5cbf656dcdfb4c94e764f9f8c8be3bae65290ed6eb,,0,0,0,0
0000000000000000188f39ffd898dd7598d7b2b8e12a9e43c2bb9c2ecfd3b8e2,,0,0,0,0
0000000000000000092f95efd75c15b9d1440a110ce1ac4b89d14a2ada8ef931,,0,0,0,0
00000000000000000b8fc4b2ef5b346ebd4a2b7fd61e059f7f793bd4d07c5839,,0,0,0,0
000000000000000016665ff6ce2aa5a1da98a3869595b0d41664fcb718e939ce,,0,0,0,0
00000000000000000e7a7e01b01de0a4037351c0565670019f7d6a5590cbb6c6,,0,0,0,0
000000000000000001ee92ab2df3dbac234a789e7c5368cbd18ed7f8aaff39eb,,0,0,0,0
000000000000000018623180b7751c3acbd5b4990dfc015578cd2897989bf145,,0,0,0,0
000000000000000005561556c275d2494ccf43af8945470fd2ca455704fb3679,,0,0,0,0
0000000000000000094242d838304102039e927de92d457045fa967fd271937e,,0,0,0,0
00000000000000000f91c43fd1cc3124409bfd8c50d5aa33d390c35e9dd28064,,0,0,0,0
0000000000000000133e49f34ffbc1e4057438cf28a50fd837f4a8a172f5ae11,,0,0,0,0
000000000000000013a82d45e7c24999810035545ab2f81aed972a918ff5d84a,,0,0,0,0
0000000000000000019d5c2dca11cdd3fa955e74831dd3a2b4e43970a2dfbfd7,,0,0,0,0
000000000000000015876f49beaa8a097c9e2630d6cc94d1296c4af289404e45,,0,0,0,0
00000000000000000bf43d866f9351ca72727a39cb526ba22e2d87ee38f34942,,0,0,0,0
0000000000000000134ffd8a3fdb376a3e201e8dc33d28e033405456c67c75ae,,0,0,0,0
000000000000000008b4541095c7cce794b33b53ac06f39783d165e51756a209,,0,0,0,0
00000000000000000e1bb4f86908e9cb03f6498bd22de5e027d904f8aa376612,,0,0,0,0
00000000000000000be6d2451be862896adbd3e8cd4ebbc05a47083f2d193dab,,0,0,0,0
00000000000000000c4fdcc471a7134b5fdf5c52e13893b784783610e07d94fa,,0,0,0,0
00000000000000000d3674126285656d153b1f0fc2c1190572f1a99d0bb5bf62,,0,0,0,0
0000000000000000138d1c39e2bee9cab612504425ea1975a915850cb9037f7c,,0,0,0,0
000000000000000013f64fd4c905a80ee39e43ad8f0e9a732315655bb7d78d9a,,0,0,0,0
00000000000000001670c82f89aa0cc5bc91aae50dbafb4f0943c024d30889da,,0,0,0,0
000000000000000001325b2500931b096795cd0563a4e8bad94490fb297a5db3,,0,0,0,0
000000000000000008348ac80bc457e3daf6376ed7d7bbe5ad24d701c8ac8ae1,,0,0,0,0
000000000000000003fdc7d296ca3e450edd74b61acbafb1bb0fe1e92a640211,,0,0,0,0
00000000000000001346529aa4372603169a49e79c3999bd7fcd76bd94fbcafa,,0,0,0,0
000000000000000014bbbbcaf2eea0b4ef532b3299438760204700b0950166c8,,0,0,0,0
000000000000000016bf60b5c298851053dad5734137127c15502319e5936bbf,,0,0,0,0
000000000000000003a70b2cd5acf1f3e231795d4e4536f7c9486da17ba1361b,,0,0,0,0
000000000000000006dd27cf12ff11a745e8687db8d55c532fac940e45ae8724,,0,0,0,0
000000000000000015ec72fcf2ba9f243ede95f235ed969bedfdc9a22d6689b1,,0,0,0,0
000000000000000016e94fb891ffe8ffdb780ba90cb29240e86b9dae1d16d5fa,,0,0,0,0
00000000000000001a0909c23e5152f51026f64ebceba4ff3df7b7f28bd42fac,,0,0,0,0
00000000000000000127206acda4f4d818047df5c7382988cc05b867eccd1d4c,,0,0,0,0
000000000000000017ad615b1d1b239eed4262a270bc2f7ba21b45b661824c0f,,0,0,0,0
00000000000000000bc7e69de9a4b4b86a00b455ff6109bc0debf04de9a10f2f,,0,0,0,0
0000000000000000176b465f223389710b73bc35ad34cf7fa37b2cdad89ac709,,0,0,0,0
0000000000000000139d7e1eba5c3b42e54c6f3d449175236d3d2948a6fe9294,,0,0,0,0
0000000000000000151f49d2c265d65e44d1fc165d499f83ba2fc8a6d62f4fdf,,0,0,0,0
000000000000000000ae3c43580521ea68248587423a384910d452a3b7a1e5c7,,0,0,0,0
000000000000000003f946832eaa6d8eda4023a3974b60584334822838ef093a,,0,0,0,0
00000000000000000517508679437aaaa5ddd47a79e8838c47f99b9455cad8a2,,0,0,0,0
0000000000000000120ae8f12b145d3a76332f900d2b69b6afbed9d1c7c7c433,,0,0,0,0
00000000000000000bbaebe84d3f9126488768e0e1d9294623b11674bb96c153,,0,0,0,0
000000000000000017096ec7e2a2a9f59d79d1023393587aa823353e7d85acea,,0,0,0,0
000000000000000008cbc98c420bb99e53028afa3f3ae92062624bde3615a389,,0,0,0,0
00000000000000000ecfd5f239daed745082dfec4d9724015566eebeaa3c7260,,0,0,0,0
00000000000000000353df4488b8b28485b92504b84090830a81cdf1d203c3ca,,0,0,0,0
00000000000000001103c47d69fa81a220e68d3330379c945db0862783e1f585,,0,0,0,0
00000000000000000bc356cbef0c5a09be1df5bec59193450a9a2a9ab00103ab,blk00216.dat,125969022,108544,698,1420974690
00000000000000000eadee5e6fdd758473d23ac35361b7daecf9eaf611163f77,blk00216.dat,109721799,183756,658,1420974487
000000000000000014654dc326a1c031ff93906012b02f25ac7ee4b5c2641a3b,blk00216.dat,109492234,229575,657,1420974053
0000000000000000130098f7a13ee2f8c0887be6be005fda6913c622de2ab051,blk00216.dat,109329149,163085,656,1420973655
00000000000000001b03c7626a41552906cb4a2464223c345e3e28489f8142a6,blk00216.dat,115853289,143996,673,1420973327
00000000000000001a55472fd3cdbd9b1cbce65fe9a96044e44c996bfb4e18f9,blk00216.dat,102475315,125534,631,1420972981
00000000000000001561e6b8c78627cb5fa4ff5bf72bce34d7977bd4c8598b1e,blk00216.dat,102297753,177565,630,1420972677
000000000000000007d3d48ddf0f1f3d66b8f64937f7bf242d10dbccb41e092e,blk00216.dat,107492251,254,648,1420972356
00000000000000000b08e6b0d60d5519c3d15cdc073dd483e651cd30a80e805c,blk00216.dat,101853296,444462,629,1420972332
000000000000000002c3a7f42bcc321674fe7271bcc65f33f67d3b383232f937,blk00216.dat,101641490,211809,628,1420971888
000000000000000019a7c04592975de48d5e6c4695619c093b1c408cffa151a2,blk00216.dat,101493417,148075,627,1420970889
000000000000000019a63e419310cf0ae63312fc1b1f95cfd298754a5737c77e,blk00216.dat,101482929,10488,626,1420970609
000000000000000003522daae63ea81758ae8875835843b1016bca1d0f4bdc7c,blk00216.dat,101042524,440409,625,1420970589
000000000000000019aa52eae79d888bf12b329dadeb8b4987efde571217d596,blk00216.dat,99755610,246504,621,1420969674
000000000000000014bab2a2f2cba8469935947eed8fad63b396efab8c5e0ff3,blk00216.dat,99703342,52272,620,1420969108
00000000000000000a9a703ec584b481d55f038577497e6c6b0a9e47ac46ac5b,blk00216.dat,98692241,261920,618,1420968564
000000000000000011c8626ccb5aa2a7b7eb8ef8c9624ed4caf356fcc19cacbd,blk00216.dat,109295454,33695,655,1420967505
00000000000000001674e1290423a1fb1c194e56de022fb56c301c6d6b80393b,blk00216.dat,97309539,285813,615,1420967899
0000000000000000033690424ca9dcc267bf61e2251c121d0af71ae5a9c9e8dd,blk00216.dat,109167962,127493,654,1420966886
00000000000000001a06d4570b0b228d05635b0426967a81a50fd607d1b11c74,blk00216.dat,95198834,241508,609,1420966711
0000000000000000122aa1a5444922f8f312fd151d8a7c97a329f8c20f102b9b,blk00216.dat,94722559,397232,607,1420965980
00000000000000001a8269aef66971ae6440fb59e8f95a9b948f3f6e8c944700,blk00216.dat,94621160,101399,606,1420965092
0000000000000000043c014fc959e4e96e2e4a768858dd7fed3c3700cfc8c9f7,blk00216.dat,94069371,551800,605,1420964947
00000000000000000fdc40666965dc18ac40d35199faac02513ec093e758842c,blk00216.dat,93422822,233894,602,1420963714
000000000000000005d82164c32aee44587a6845cc6c11c45884db2b38abcbe6,blk00216.dat,108266353,901624,653,1420963436
00000000000000000a1cca23451709c2656ac31cdc11008768af48ba44b8f8d7,blk00216.dat,92624049,171223,600,1420960144
000000000000000012db7c9a2bbe391b0ae1fa94a0ca9df0a86a049641011e86,blk00216.dat,92426472,197578,599,1420959771
000000000000000019b273c4280ac0c336661e62c0eb28c9842046eb6b8e8124,blk00216.dat,108058290,58293,651,1420959444
00000000000000001429e963799a292a7a48c184f984010390bbe29f03743428,blk00216.dat,91456341,300105,597,1420959230
000000000000000003a9f19a8fe07d0333e1fd2a3dd70b32a429dd8953684e83,blk00216.dat,91257440,198903,596,1420958398
00000000000000000c170b4f40f9ac15b6dcf936943c20395f33d63d582213eb,blk00216.dat,91257187,253,595,1420957982
00000000000000000debcbcc20a2ac71e30f1f13a40ae0b0728fea2829aed3f5,blk00216.dat,91077130,180058,594,1420957937
00000000000000001ae400ff4424fc36b6f5a7793d59a77fa736c56ebf5ce353,blk00216.dat,90946146,130985,593,1420958195
00000000000000000639344df1908d56dc44c305ed657476c9a134202974140c,blk00216.dat,107010144,482114,647,1420957186
0000000000000000077c0833ff2d70a7115f1f6c8a5d44a43f216bc33753d792,blk00216.dat,121306203,79404,688,1420956030
00000000000000000bfe71ade5e25fcb70ea09545a75d5b5b4040dc4aa78fffd,blk00216.dat,90361836,584311,592,1420955917
00000000000000001a59f1bb786625ab8afec97e12c883a518216e60ac8567a5,blk00216.dat,119243545,367920,682,1420954398
00000000000000000b42f1be00b732c9e7d595121a256b117d0b4f829f5a7425,blk00216.dat,89741811,620026,591,1420953711
0000000000000000175b0f4eefaee334e71f1fd2dab83c29844038cf6504ef68,blk00216.dat,89436901,304911,590,1420953226
00000000000000001862497bf4057395b01d2a69eb077f0265dbdb2883dd81b5,blk00216.dat,106839151,170995,646,1420951359
00000000000000000156e840e0679c1fe49d2e458d42cfe5641dc8c1a7a12dbd,blk00216.dat,121193693,112518,687,1420951032
00000000000000001268b3c7772a4958918f9cb292e0cf8946bdbb9635d96d79,blk00216.dat,115004196,99943,671,1420950871
000000000000000005569a58f41102b095d5f119d426d634ff3a1da9ba8ce899,blk00216.dat,89089760,193334,588,1420950841
000000000000000016f16bc1d3871e8aa0d8aa523cc753001ffc12b62da30ae6,blk00216.dat,88365550,475900,586,1420950368
000000000000000000ca51a47b8b34e90411287e650e89bd900b4ee0c0b6c3ff,blk00216.dat,106739319,99832,645,1420949485
0000000000000000195092554f2ba89ac0a0a2591d4b02b39e7fb93c1cff18c2,blk00216.dat,120539585,654116,686,1420949379
000000000000000008aa2b985c38fd59aa8f1b6f5037659b59d064a4dff13d5e,blk00216.dat,88157669,207887,585,1420949044
00000000000000000aea341e5d62d5957224a10317d85fa716ec8f404777c12a,blk00216.dat,120451703,87882,685,1420947777
00000000000000001052336e0a011bf9fa747f80354faf54e6be68a54e1d6b85,blk00216.dat,105730836,259366,643,1420947590
00000000000000000e8dc6edc6e59d2ddd84e2017b336dfc8fe7586ab8b07970,blk00216.dat,87943139,214535,584,1420947150
0000000000000000061353ad5c6123bbd699a91c525007088db062786ed32722,blk00216.dat,87193997,749145,583,1420947034
000000000000000012891fbeec14ed64de3c42d7d184960a0496575c65850b67,blk00216.dat,86444839,749161,582,1420946347
00000000000000000b207d78382e063f31d672700725d506de97974acc6b9e37,blk00216.dat,105131966,188104,641,1420943743
00000000000000001a72b8edb07c2a21d93e75d21c261a729c0d1674bac39aea,blk00216.dat,104703249,428722,640,1420943391
000000000000000005ace1c9b6df9536e9bbc409349cb43b88090d55fd550457,blk00216.dat,86364390,19707,580,1420942700
00000000000000000dbb55de4a4d71feb7464131ce1a165e36fe6c260501991a,blk00216.dat,103934617,445384,637,1420942686
000000000000000002ce160db0c2c7381718a198d6478ee0269b37d034f4100a,blk00216.dat,86189650,174741,579,1420941780
00000000000000001888755b6d1d26f7956a8e40b6544b3d142cc7012c074266,blk00216.dat,120143314,308395,684,1420941499
00000000000000000ca3bca81628301bbe5e985128bd88c4920670c00aec197d,blk00216.dat,85889705,122945,577,1420940998
000000000000000000282dc52d99c6bbf08c866d5583b994d7d8858eea470f07,blk00216.dat,85556290,333416,576,1420940522
000000000000000000db22eb48eece2bf507ba119fc0ed1bb64f79c2080271ef,blk00216.dat,102905124,214704,634,1420939878
0000000000000000158eb7b9e4f4f619dfde72b8f612091ec280406409f9de05,blk00216.dat,85528425,27865,575,1420939435
0000000000000000101b8c6656278fa4ef34cdd0f55088a003d273f1612c56b3,blk00216.dat,85427990,100435,574,1420939408
0000000000000000012cb97526117f040ab66a63d995a0a0036a8a0a6af623de,blk00216.dat,119611464,531858,683,1420939079
0000000000000000151fbc02f89f928b7cae8ed6c2402821164bb8c206085387,blk00216.dat,85158188,269809,573,1420938125
00000000000000000947c1965eba95c8a37d8f2127261b8cb6b06ec0165cb487,blk00216.dat,119201882,41665,681,1420938373
0000000000000000146ab88f50fa6853367e670e63b3a4210f0d775179d44e66,blk00216.dat,84077052,372648,570,1420937461
00000000000000001998cec043eafdf6f0ff52c16b89a74d979795beec8ffc9e,blk00216.dat,82891396,436489,568,1420937075
00000000000000000c7cbc767ffef8a5aea9cef9ff3a0df7860e897582680469,blk00216.dat,82756667,134734,567,1420936335
00000000000000001349792a9d0fb851f09daa80a5311a173d7ae0f039db059c,blk00216.dat,80213005,905018,563,1420935865
0000000000000000015b699f7db59dc6cd8fce2b1e3ff07d4bb2452edf4e9ad0,blk00216.dat,118103678,749004,679,1420935014
0000000000000000176f05e0641efdc49cd402eacfc227b9226c3965040fb0a9,blk00216.dat,126761118,100181,701,1420932357
00000000000000000bc33d5d90624dc3d7eb69dd2f3bfecf3bbc02d3462d12c9,blk00216.dat,105320068,410769,642,1420932311
000000000000000003f142b57c9d165be0da2439a324e30e2f4628380fb7966e,blk00216.dat,79213044,999968,562,1420931803
00000000000000000d35f40189465e680f9384f9e11cd1a511f0950b0663bdd7,blk00216.dat,78062222,748963,559,1420930196
0000000000000000101082d2852e9367b04726522b6fc630e12cdad85ee443ef,blk00216.dat,76676053,234407,556,1420929156
0000000000000000107307956ff1de52bae70d02987ad06f15f9595d5f582f8c,blk00216.dat,76130836,545218,555,1420929001
000000000000000015fb4a8e70e3400a0f696e588fc3d42b5bc220e5e5659d4e,,0,0,0,0
00000000000000000be89b605fdb02e136efd69e6239fd2f5269c2982cd156d5,blk00216.dat,74878556,999951,553,1420928400
00000000000000000f5267f1414274dd17d438252fbe2d94d9cc2fbd589d9a00,blk00216.dat,73911598,748988,551,1420926324
000000000000000014215a57a3e52d723fed08db49beaf3a3f3bf5c44eee8f35,blk00216.dat,96383309,99941,612,1420924830
00000000000000001a6b75d52cde428833e89f6ac78175a7c0afab5ffe7071cf,blk00216.dat,72437355,725255,549,1420924728
00000000000000000b82d309304226a554d1b83988650b940f911257e17dd51a,blk00216.dat,72232010,205348,548,1420923693
0000000000000000043a44a1ad030f76bfcf3553f86891b33638cf08af7e0508,blk00216.dat,71157846,299880,546,1420923319
000000000000000010bd41948b14e2b803b020670f100ef38e0714cde005ef1b,blk00216.dat,70408794,749068,545,1420923241
0000000000000000152e3cdf605791df826e8e64294976e8568c88d60b0ab4ed,blk00216.dat,118852677,349206,680,1420923091
00000000000000001829e6d980397fffdc02114dae9f74e2b08c791c8ca97fb4,blk00216.dat,69652763,563482,543,1420922396
000000000000000012c86a50436b2c72dcab75ebc76f08ad682c364bd9606a9f,blk00216.dat,102856010,49115,633,1420921266
000000000000000009f32437cb28d54ff600ec020778c8ce84ecf93b99d5218c,blk00216.dat,69200056,98913,541,1420919526
0000000000000000093f7bc72443531b77624a3bcdbcb021d7b92704c17c8450,blk00216.dat,69149197,50860,540,1420919386
00000000000000001825bec0e24c5b76b8be7a5486e95e56db342b68cb8592e1,blk00216.dat,95440340,193904,610,1420919265
00000000000000000bb453d88f07db820cfac7abc68328194e6ec0c219a5f4be,blk00216.dat,68862092,287109,539,1420918935
000000000000000015e59215c572f2db842701b9c0d4c5bb26e9935b7121b52c,blk00216.dat,68012849,849246,538,1420918657
00000000000000001463a89291a6dee76b9b29aca48bc01ad948569d5e89770f,blk00216.dat,65813261,999948,534,1420917955
0000000000000000073776af9fe180273a79ff95bdd6aa7e0c8989532295a3fe,blk00216.dat,118007026,96653,678,1420916806
0000000000000000090d9d2a85f4384d24949f3962a695cadf9a968ccb85a4c4,blk00216.dat,126262982,498144,700,1420916215
000000000000000001bc38e219513fbea603cb83cbc4f2f9bcfee3e64adf99cb,blk00216.dat,65684022,129241,533,1420916100
0000000000000000151cefc413c6fcf273b70ea55c6b24b287f27855c4e21bbf,blk00216.dat,93656715,232815,603,1420915254
000000000000000000f26297c348a9ac3010f45fbf359b9b4f932eb4063ea644,blk00216.dat,92795271,627552,601,1420914943
000000000000000016e19617911ffa12ed7c21768d21b2dbb098fafbb26a0855,blk00216.dat,65452608,231416,532,1420914903
00000000000000000ccaf4e6fdc40467c6b25b0d572754f7ab0df77e5024f273,blk00216.dat,89283093,153809,589,1420914014
000000000000000005a1b45bce542d7f51424071a55a44ba0756ef68a6921a7e,blk00216.dat,65452401,207,531,1420913909
00000000000000001233e3ecebfaf1cc5a884e27e42e11919ad324fb2ca530f5,blk00216.dat,65246423,205980,530,1420913876
00000000000000000ef784db386aafd17faa953f0636fb6b9f6073b88b653049,blk00216.dat,88841449,248313,587,1420913572
00000000000000000896f1b2d7ccc4afda863916a28b9b2dd8b18db3c1e782f8,blk00216.dat,64497404,749052,529,1420914011
000000000000000005f6c98f1838caeb8c1f713eb1a536bc1b2555181316a73d,blk00216.dat,64163830,333575,528,1420912401
00000000000000000cd07a0ac98105245b23168f28822fc9673d3eb3db701f54,blk00216.dat,117807905,199122,677,1420911828
0000000000000000121f8fd15d82a1ea3aaac1adaac4754afd65bed13b2ff213,blk00216.dat,63101163,313597,526,1420911544
00000000000000000053b71b4657672769f68afa9806bcdcfdd05b76ca1ed965,blk00216.dat,63000442,100721,525,1420911169
0000000000000000105e56b6e808d3da0bf45ca824dfff46d112d1db8ec6e7ca,blk00216.dat,62708685,291759,524,1420911174
00000000000000000d95774d22b9f09a429d8b5047ec80ac5698621db1027eb0,blk00216.dat,62108443,600253,523,1420910935
000000000000000019a0d5923659195aa1824f063beca0a37af5806a6a18c724,blk00216.dat,86384097,60742,581,1420910205
00000000000000000c06243c44de489b9167c2fcb03bbe772f7c2c99fdfb2a07,blk00216.dat,114880484,123712,670,1420910160
0000000000000000172a69bff756d8e342440f276426b5e84652d32e3fea64bb,blk00216.dat,61307854,356867,521,1420910029
00000000000000001364d15bdacd7585555eeca83ce1ab06b323b44247609615,blk00216.dat,117199244,608668,676,1420909673
0000000000000000063f88ee396b85ba47d4db1cffed8cf060cdd19f4f29c2ad,blk00216.dat,86012647,177004,578,1420909105
000000000000000010cd3b6400886c9a1b38d05d03c6f7455698cf7561c5eb34,blk00216.dat,59875583,683144,519,1420909212
000000000000000016db40c15e57ef3624c7397f290685b9ee63af27290551c8,blk00216.dat,126077566,185418,699,1420909091
00000000000000000cd2132a3e13c945f5f9dcde9b530218371c0bbce6f17ab2,blk00216.dat,84449699,397316,571,1420908276
0000000000000000198a4c25f871450686d8da339bbf035b3036d5d26f52cac2,blk00216.dat,100293251,749068,623,1420907820
00000000000000001509d669600e065cf0f8d34d1a1201ec1facc8deec4253f8,blk00216.dat,59628105,247479,518,1420906865
00000000000000001a63b3e647560b036b44d7acccc34d187dbcc7c4f72a87b9,blk00216.dat,116513317,685933,675,1420906414
000000000000000005e077d598c7d0ed8169ae3424c21de59d30512f5073839d,blk00216.dat,58016884,611369,516,1420905761
0000000000000000147b6b584b4cab604b5a10b1b32533e8dfb4daf8e2ea91da,blk00216.dat,81322507,999973,565,1420905438
0000000000000000061fde1595f42f871fa2d69cad83d673aa5d46c5ec31c8d4,blk00216.dat,57633654,383231,515,1420902949
0000000000000000163ba64578cfb1abbd88dae20ef1715e9334845baafb3bf0,blk00216.dat,78811179,179096,560,1420903271
00000000000000001955d84b75b0326cbd6a477fa3875c23dfcdc30164ecdc80,blk00216.dat,56884512,749143,514,1420902972
000000000000000012e43e857d802554a240863c7bc25ed4c952ece282c8aec4,blk00216.dat,112134898,56880,664,1420902545
000000000000000010bcc65b6dbb1848b769ad8f0921447850e55f14e87c4d5e,blk00216.dat,77178751,883474,558,1420902350
00000000000000000828203cd2abffe91f5bff604fe9dea423acf85aa0576b79,blk00216.dat,113883882,749186,668,1420901748
000000000000000015bf032f2628e959169f2eea99e56b79152125c753500af6,blk00216.dat,73162608,749017,550,1420901012
00000000000000000f69e991ee47a3536770f5d452967ec7edeb8d8cb28f9f28,blk00216.dat,55478903,749108,511,1420900630
00000000000000001455adb8231ba63fc425aca85ca727cc58f30c9f5184f96f,blk00216.dat,70216239,192557,544,1420900267
00000000000000000565417bed10c5388b3544bbc9f3bd189cef49976b330e3a,blk00216.dat,67911483,101367,537,1420899700
000000000000000012f16d71ca0f303803df3217418cf395570c0e5f856b89de,blk00216.dat,54344762,749106,508,1420898950
000000000000000001819738a3199536d23130060bdd064b3889a78a1fa7d2b3,blk00216.dat,110844315,999703,662,1420898367
00000000000000000145e1eed461dcfabbbe5933d6d2ed543dcdbcb3f97dff97,blk00216.dat,53235596,749045,506,1420896931
00000000000000001697226f11ec6677634d080c301662a1f5a2cea94d28a43c,blk00216.dat,98954148,749197,619,1420896293
0000000000000000147663208045bc2165832fc7276aba1a4519d46d734713b2,blk00216.dat,66813169,749181,535,1420895874
0000000000000000161680817986a577c35189872c7ad7bd4d0686d20bf36ae8,blk00216.dat,98343011,349234,617,1420895848
00000000000000001026b0ffad763f518a11aaa39117f1f9a7d3a68cc4c52b73,blk00216.dat,52486573,749033,505,1420894495
000000000000000005d86ddb46533176c13210074a28d149cb3ea1ce3601bbb9,blk00216.dat,63414757,749077,527,1420893667
00000000000000000e208aabc3b4626309057b8d6e537b4f59450df6461368c3,blk00216.dat,50755529,731214,503,1420890933
00000000000000000b760c50cf7f99be0ded2357ff9c07fad432c2e8a26b0255,blk00216.dat,97190509,119030,614,1420890274
000000000000000013d78307677e8b9cd5249928ba64295d91720db722872193,blk00216.dat,50616702,138828,502,1420889844
0000000000000000088eb2ca957f7cb6b645261b929bb812bf29dec4da8411c1,blk00216.dat,50122878,70391,500,1420889510
00000000000000000648593c63f2e508b2d17624792d84ebca96c595ba2139ab,blk00216.dat,49881015,241884,499,1420889453
0000000000000000190e6c0dbf6bceb0d69e613f55ec820246c56b72d9af39dc,blk00216.dat,49781058,99958,498,1420889065
00000000000000000c4509d69b1985929e44dc25da399612831390540bb5e9a2,blk00216.dat,49587689,193369,497,1420888811
00000000000000001832f76720b59dc892c1c32b5380a7d81a721e39be747608,blk00216.dat,58628229,999883,517,1420888918
00000000000000000dc85fbc13dd941772136124f676e90984f61d227a87ad41,blk00216.dat,105990201,749119,644,1420888075
00000000000000001a6c550d7179229271ab935665d4178463027ce3b1565bb9,blk00216.dat,55193715,285189,510,1420887318
000000000000000002de95a799341e1b7b026c774bee03b461b0c9a0f8020613,,0,0,0,0
000000000000000009f63eca56c8a45fb67178aaf9494205923707e5d26209cd,blk00216.dat,55093866,99849,509,1420885296
000000000000000000e9d7ea8c8f257e88cef430ef84b06cb12ee2809fad9d49,blk00216.dat,47248184,233337,492,1420885247
00000000000000000da1a5a67734d7d7b54ae89e74550b7fdbe08669055f5214,blk00216.dat,45537075,86437,488,1420885002
000000000000000016c0ed552ce1991f0f9c0f9aaa4d2f1052b87ecc38167523,blk00216.dat,53984635,360128,507,1420884908
000000000000000019f6ffcdf373bca07f0495b0625f82eeeccd986a44ba30e5,blk00216.dat,44643220,749108,486,1420884547
00000000000000001116e5bc56f0be6cde92d1454b88ed318dcff95b970e7689,blk00216.dat,44176303,353147,484,1420884216
00000000000000000dae2db8a2650eb81836fb06dfe1075b05d4abf000263241,blk00216.dat,51486742,999838,504,1420882615
000000000000000006da8c0efac03ed84eecf2c1a4788b089c4fe9bbf7e07e3d,blk00216.dat,48838601,749106,496,1420880874
000000000000000002849d786472c3218f6b0a61fdc1244fdd5273f2c0c5c4b8,blk00216.dat,43622875,204225,482,1420879330
000000000000000004f13af722e3bf4ca3ab57441487876dd711d9a190b6cc72,blk00216.dat,43068406,66054,477,1420878883
000000000000000008cedf88533024d6789c816d116d69e739de81d166ec2cd0,blk00216.dat,103869010,65607,636,1420878956
00000000000000000e716222d89796301ee35c81a96a8f84c8326e71556fa116,blk00216.dat,47481512,662030,493,1420878881
000000000000000015420301425aef2f94ff367893a2d91affc04370d282d572,blk00216.dat,41572767,749097,474,1420877962
00000000000000000afbbcff2471736a4671483864099de5e8ea08ed6bbec0f8,blk00216.dat,45878791,749155,490,1420877426
000000000000000009578ba5ae4367295e3cdfd921c1e874a14ba9e7953d5cb3,blk00216.dat,44529448,113773,485,1420876247
000000000000000004a13d4cda40f2a168eaaa7ad35d331727faf1ffc03b665e,blk00216.dat,103119820,749195,635,1420875122
000000000000000008f1137f17ef7b065aa79e8dfb744138b2ad84fb52e5c094,blk00216.dat,40819258,497909,472,1420873241
00000000000000000f6db0782a315176ea00ae0b36104c9259c85eaa9dc73f58,blk00216.dat,43827087,349217,483,1420873436
00000000000000000d4554abc217dae27b3e0be42e816e8aa464f1c25870662d,blk00216.dat,102600848,255163,632,1420871967
00000000000000000e5d25b0c74c5a9ecb213a41aa5d226b7fe4f50553468fd7,blk00216.dat,43455067,98958,480,1420872130
00000000000000000051bc9378602e350522d9995430a8c36a539e7b90db37a2,blk00216.dat,43134460,255,478,1420871303
0000000000000000138b80bf6d069d50ec11e76c07187fd35c231f79a3069fcc,blk00216.dat,39994837,403768,468,1420871262
000000000000000006b6b0d06672d26cf02bc967219c7a9f2378a03b837fe614,blk00216.dat,42980438,87969,476,1420870146
000000000000000005a421e2b2ced5d8c5bcc7bc88209bd8042bf03de87510f3,blk00216.dat,42321862,658582,475,1420870058
000000000000000005411b501208ed9daa766652593014c9495b75ab91934a88,blk00216.dat,40498504,260321,470,1420868232
0000000000000000199789912a61b8d7cfdd1ed7916d9aaa83644d629db9ef5e,blk00216.dat,39272319,722520,467,1420867718
000000000000000015e1388b402e0a17bae30b7151949e05f16016633c7c87c1,blk00216.dat,39245325,26994,466,1420867260
00000000000000000bf6c3d3b6df779e3b37683b656471824d1eed2e6871a577,blk00216.dat,37519658,99943,459,1420866011
00000000000000000b2f17530d95c0ce84745f11e5a070e70e3ff15c84289cff,blk00216.dat,38177211,319069,464,1420865814
00000000000000000a1d3a5b29ce9714f71c661095b5de19c7b7bd78e59e2fe9,blk00216.dat,38160010,17201,463,1420865284
00000000000000000790ca49d36e8ddfe4a6143970dddcf8f242aa2ad686ae26,blk00216.dat,36854217,154817,457,1420865167
000000000000000018e8eff4b890798d8e4eede705a1bacd17f52617f57f58eb,blk00216.dat,38133622,26388,462,1420864906
000000000000000005498824dfabed7dd393b42aea44ca2cc166ae2ea587dd8c,blk00216.dat,38020794,112830,461,1420864828
0000000000000000090b101733dc0bd3845ea2ebe1ca719b520d2f2b29b67cdc,blk00216.dat,36202938,302270,455,1420864567
0000000000000000176c92b8023a6e7f27ce9542593787ce4d6cad524da99e09,blk00216.dat,37619601,401211,460,1420863895
000000000000000009acc1dd724fe7ef32a7469d98f52f387331d1e9b8880b19,blk00216.dat,35841247,254021,452,1420863037
0000000000000000141b2280676045f64d116bc4f4487f9d1d335cd1a262443e,blk00216.dat,36505203,349016,456,1420862797
000000000000000016f9c7c853f758766e593fe1505c999cd1c524cd6f15ac91,blk00216.dat,95119785,79050,608,1420862667
00000000000000001ada097a99003529051309bb2de2ac990bbe36dc20fef21d,blk00216.dat,34933559,358724,449,1420862417
000000000000000011c2915b3e826f02213f4ceb6b97351ccfdafc164cd54638,blk00216.dat,34184397,749166,448,1420862210
000000000000000000bc80aafc676e96bc4a4451bf2258d206057ec2128300d1,blk00216.dat,36157502,45436,454,1420861666
00000000000000000279dadf4f8a0dbedd41384886aea97e8b54ac762fe29ef2,blk00216.dat,101042318,206,624,1420860323
000000000000000014acfd38ec3d693fca3b54fb4659b4ad1993586dde37ca5e,blk00216.dat,32878372,637337,444,1420860283
0000000000000000032abca1b73e92b16f0692d0e011245cdbf20828429fe8c5,blk00216.dat,31929308,849152,442,1420859196
000000000000000005ec4b5626bee645bdc1477e61c601ef6e6dc2861c3c72a2,blk00216.dat,112883939,749056,666,1420857751
000000000000000016b65a0814fbea9bd4c1ef230ba02e63dfcb7b28fcbba1a6,blk00216.dat,31757691,171618,441,1420856198
00000000000000000ccee6c37457c22d76c427d0ac336deba44f332bf86c0fd9,blk00216.dat,100002113,291152,622,1420855981
00000000000000000890ced7c66b676fe8aa5bc1ca564cf9dc71bc4d7ad270d5,blk00216.dat,30411044,112781,438,1420855334
000000000000000014f2686a2844c5b7416b5d947ee040c0449757f3c28174a2,blk00216.dat,111844001,290906,663,1420855447
0000000000000000178b79fd5a09a9a483258281c063d5cb29355d6991ca18e1,blk00216.dat,36095243,62259,453,1420854978
0000000000000000120fd77ce8c63714c8b17fdda04ef05dbf1680789a20a60d,blk00216.dat,96483248,707279,613,1420854889
000000000000000016e85322f101fe3ee3accb27085c3dcc8a7224348497ef37,blk00216.dat,35745481,95772,451,1420854504
00000000000000000543fa28e25c82797ff735d4f884f6eaec021db5439dec56,blk00216.dat,83327882,749178,569,1420854131
000000000000000000730aa3714678fa319e6def4ce3d6dc0892871a6f8cf790,blk00216.dat,35292281,453216,450,1420852626
00000000000000001494e854bab4538643145572697497747d82e09f2deb51fd,blk00216.dat,33958432,225999,447,1420851835
0000000000000000112431657346014a7b2be72edaabba8eae1bbb25cb956c43,blk00216.dat,33528256,430178,446,1420851541
000000000000000017530c4804fbdfebcb1b407e769624163e33bc5e77d25e1e,blk00216.dat,32778455,99921,443,1420851070
00000000000000001afc29e0d40652faca2d3d2c6bcad3ed76f0a7413fba4c24,blk00216.dat,29496588,165351,436,1420850964
00000000000000000dc95cf02374259c9061772990978eb7418bd893da5c8183,blk00216.dat,29406053,90540,435,1420851502
000000000000000001a94f33179eb5338b7e4dae5d064cd80cc9fb1edc1fcedc,blk00216.dat,28662259,180320,433,1420850583
000000000000000019d3dede9f9dec0962fcba09b9e8a6eaa08986f26f1326bd,blk00216.dat,30523825,884951,439,1420850320
000000000000000010b011173ceab507b68579489e3ee901649112b1c117c105,blk00216.dat,28507734,154550,432,1420848794
000000000000000005e246448f74995f3162f7f8e15f3ef2cfa0758179251fd3,blk00216.dat,28507551,183,431,1420849255
0000000000000000102a04bf31340ea080d4d7712629f514cea34097a0b8a590,blk00216.dat,28170260,337292,430,1420848551
00000000000000001440667e892dcb761a2bff6838d458ea439801664c267f9b,blk00216.dat,28842567,563507,434,1420848078
000000000000000005b60d917381298a18424231660016e0bea46ba0751ca4dd,blk00216.dat,26470769,699635,428,1420847372
000000000000000019783ace72cf77609835f23b49e95ac4602f2be9a3540b3e,blk00216.dat,27170397,999892,429,1420847230
00000000000000000f2ffa371ccd7e53c82b4d4d24217d00258afa0e0b4a73e0,blk00216.dat,26289057,181713,427,1420846838
00000000000000000b4587af76f4d454e0336e5233dfb1c940a1140df6108475,blk00216.dat,26219605,69453,426,1420845751
000000000000000006bd1c83b248e13311fdae587cb7e5c2db9186c1738abeec,blk00216.dat,24721384,749167,424,1420845687
000000000000000012c5b3fd3a5d87cc4ef91aed4b343b80ac5a7cc054d33548,blk00216.dat,25470549,749073,425,1420843771
00000000000000001aeec7938c01da543865687cf5b2b567a82d4d7ebbc709f2,blk00216.dat,24079671,306690,422,1420841770
00000000000000000c3631fe208f672ef0d0f09626f1d3b1e9d0214286c09f52,blk00216.dat,24386354,335032,423,1420841407
0000000000000000155ba0d8706fa015c71568c5dcb538f762f27c20480f98ad,blk00216.dat,23611667,468009,421,1420840955
000000000000000011dcc3528c3499373b15e6e80361af0ba26a8251874546f0,blk00216.dat,22862610,749063,420,1420840283
000000000000000015f9a020ed93d88a1457362ade4e12f484196630deb365f5,blk00216.dat,21862693,999921,419,1420839398
00000000000000000271910c5278fba4720c13a87a2132c23e77f6ecddbb42f5,blk00216.dat,19325133,999974,415,1420837391
000000000000000006028e7d7edd88f0a9a51c42999e8dc5da8cce06ce80c0f1,blk00216.dat,14863734,722611,407,1420835732
000000000000000009276309d470dd6e70cd582151a687024173cf7dec55ff48,blk00216.dat,20823766,289758,417,1420834871
0000000000000000185bfb97b65c8f8a3d02b696dfb67cbaa253304a1c382315,blk00216.dat,93889515,179860,604,1420834817
00000000000000000e20b2fb3914656d8aee34f24034f4679c4d9d869fec062f,blk00216.dat,14635541,198070,405,1420834388
00000000000000000860413603200b1d318d7bbb8ea3845eaf40877130317e0c,blk00216.dat,125530832,438208,697,1420834259
00000000000000000080bae392417c2dc01b0f21c5fe91b5bcc9387bd562b74b,blk00216.dat,20325089,498680,416,1420834120
00000000000000000a04591167b16b840bd38e344aa9c7657cba3b86a7e521d2,blk00216.dat,18576032,749101,414,1420833510
00000000000000000e83cc584c69bb87ee4765206359ff84c368c500dbc53de6,blk00216.dat,124781733,749113,696,1420831833
00000000000000000b859c2c69bf35e3ba70e1280a56eeab15491050ff0a151b,blk00216.dat,91756440,670035,598,1420830521
000000000000000005417e2f93805eced55660c0e772bfc0058c8cd0c89a38a4,blk00216.dat,69298969,353796,542,1420829544
000000000000000019bbca27cb6f2cd3be9788e4a09204d5a6dfba70c4f164dc,blk00216.dat,18564509,11525,413,1420829281
0000000000000000143b08bd4d16712ec35684cc834f53f270a34624c2f9ab45,blk00216.dat,110722844,121471,661,1420829262
00000000000000001a32956e0b9640a617e6b360d051f40695a93fd7e6f676ee,blk00216.dat,13537377,349067,403,1420829137
000000000000000002d94c8ca8cb913980971296483bd5c1754082c49b058622,blk00216.dat,17444080,999897,411,1420828831
00000000000000000b65a397714f0371a03288822977c1f824f3fb59ead286cc,blk00216.dat,16486140,749059,409,1420828685
00000000000000000c1bc19e3644540184dc06efcd3b418489900243a766e422,blk00216.dat,13410951,126426,402,1420826315
0000000000000000180dc57fbbe966af2cb583bbe492af0a86714615366aa665,blk00216.dat,11493447,715519,399,1420826192
0000000000000000153332f33d357a418d05447f59fe197cb4aba59e5a4ade6b,blk00216.dat,11270256,223195,398,1420825708
000000000000000010d99ed8fdeef5e489aff1c6cd880be49060b838dcf2eda0,blk00216.dat,61664720,443724,522,1420824868
000000000000000007708faf020e030ac5c54053ea041096835a48daffb57bbb,blk00216.dat,10730920,539340,397,1420824156
00000000000000000be935fa56119da5a21a9997d4ca1ef884d83e290c4ccbe8,blk00216.dat,12958046,452909,401,1420823493
000000000000000008e269643b5ae3871200b7c17ff6bac0391b1750630422a7,blk00216.dat,10309647,294618,395,1420822669
000000000000000002b6bff2930d443b557a8dd5088031ec4b1e32ed24fa7c22,blk00216.dat,10183268,126379,394,1420822244
000000000000000015e375977dc369cb597f2472958bd49c62bf4e99dd30ca36,blk00216.dat,9494681,688637,393,1420822198
0000000000000000107b67d77ba2cd9a211a15ec546e5b49327141d13dbb31e0,blk00216.dat,12208960,749103,400,1420821289
000000000000000009933930a4eded80ab14a42a7cddefc8d76865e9b9dd4234,blk00216.dat,8862115,323506,391,1420820344
000000000000000006ebb08f6c16f0e16e99f7bcf6f3340d618eae129b655a27,blk00216.dat,84847013,311176,572,1420820008
0000000000000000162dbdc3f49a9c62eaf226f0b3912a6fb02b4ec261670720,blk00216.dat,10604263,126659,396,1420819688
00000000000000000af0d03ab75ca06399277f07dd259b285f735b9058d0cccd,blk00216.dat,6837817,464347,386,1420819500
0000000000000000042c18ec1ad975feaf24f2d8295756cec334ba69d1cfb97c,blk00216.dat,6579297,258525,385,1420819053
00000000000000000c60647a2486347de4a7bb083214f51cbaacf006ab17f125,blk00216.dat,9185616,309066,392,1420818852
0000000000000000098ce4b0e1992b2f75561adc9b9f866edb2a3c9d7013d67d,blk00216.dat,5883641,26288,382,1420818842
0000000000000000185636db5b6e2a5fffcedfcd0ab34bb51c2fa114af3c14d1,blk00216.dat,8465338,396778,390,1420818299
0000000000000000165ecbd638ec09226f84c34d3d775d34ca5df4abfa8cb57c,blk00216.dat,4108829,349250,378,1420817783
0000000000000000116e26581b6a09724e6036b15ec2aaf5dea12e6b4e9f3d78,blk00216.dat,3057240,749202,375,1420817528
00000000000000000fea9293beaa148424ebad2ac5bb2005dc862a75d6f94c8d,blk00216.dat,2310161,747081,374,1420816477
00000000000000000f8f3c6c8151d3d0a763a5cb37dfc0b003da37be0725ec63,blk00216.dat,8086073,379269,389,1420815531
00000000000000001a96e512b7c2c553eaae01b6bc0d847cc90d2510c7f408fb,blk00215.dat,133327868,229741,370,1420815061
00000000000000001902bfeb63386276daf8d5c58f6d2265fadc0b2cedf2f5a3,blk00215.dat,131361128,624675,367,1420814788
0000000000000000163eeac0a0ac5af8d4d375c79042b20713860fffdeac9f7b,blk00215.dat,131174731,186402,366,1420814694
00000000000000000f832cf9736bb6dbdce1c0d113eacfad4400c71d82a065d6,blk00216.dat,56385991,498525,513,1420813879
00000000000000000cfb4025e5e255581410216aa83c53fd1dc049993ea111f4,blk00215.dat,130660578,15736,364,1420813758
00000000000000000a8be93c0b260c0e7bfcb20eb6951a96cdf87460b7664f6c,blk00216.dat,82322465,434205,566,1420813026
00000000000000000bf1dbf4d40c83a2991e450445a2fc5a74c289a8d2791a34,blk00215.dat,129911525,749057,363,1420812556
000000000000000003419c9529047b8cfa88ea3c38c239a92d2c8f3b8df920fa,blk00215.dat,128811810,99899,361,1420811291
00000000000000000e7923071950394a3ac3b75ae92b11764a16b9c442769240,blk00216.dat,50193262,423442,501,1420811211
0000000000000000053f4302214c5bba718a3680df951d159412bc3fee19f2dc,blk00215.dat,128399557,80591,359,1420810648
00000000000000001a3cc3d5adc241ddbf7cd205b86bbd1bf6b87acca7a7aaae,blk00216.dat,78990273,222772,561,1420810606
0000000000000000162ea15e51fc6a80915058b2f964ef7d0bd49d2231031cd2,blk00215.dat,128197747,201811,358,1420810260
000000000000000002f2c17f9938f495c79c9b86e9fef2cb16b86000e2867683,blk00215.dat,128048558,149193,357,1420810072
000000000000000011cca9d78556bffbb3c246887ef4e931e4584b37738cc4b2,blk00216.dat,7855008,231067,388,1420809571
00000000000000000f8f27efbddb05d3acb236c0204bd630f049365a152727f6,blk00216.dat,7302152,552858,387,1420809475
00000000000000000813b5e093ebb9dcb5e958611718e78a624b9eead2112dca,blk00216.dat,6364263,215035,384,1420808640
0000000000000000070e740307e35ad77a3dd9cd716430e74a5f6995aec7af92,blk00216.dat,5909884,454383,383,1420808424
000000000000000011dd819644593ba8a4e3afc2d0756c219b1c4a39ffb7b61d,blk00215.dat,126718457,911417,355,1420807837
000000000000000000d89688672fc5632a979a09fe15fb8e708a7996816458dc,blk00215.dat,124840584,694973,352,1420806428
00000000000000000790048becf700986b11ae4693523850e8e24c4f261cc435,blk00216.dat,5185105,698539,381,1420805618
00000000000000001450e215b08a8053f4367e37aedc5c7a685976cd847b00ae,blk00216.dat,76910458,268294,557,1420805030
000000000000000000b79e40caa8bbb48a8d5d2fc5378b6d5f0a568c1abc09f7,blk00216.dat,48143538,541405,494,1420804625
00000000000000000c191e7eec186ab758d1c400eacd4ee069fec2af1b85183a,blk00215.dat,124608312,232273,351,1420803857
000000000000000018c5c461f01d5c68fec774db75515e6b8f3cde4bd8079a8b,blk00216.dat,4627360,557747,380,1420803536
000000000000000019750d40d0a9b76fd50e178fa4e4c5eb9c10a0848f935511,,0,0,0,0
000000000000000000710195041a1e2efe7bd4c58fa4c0ecaa5af8758d9fe8f6,blk00216.dat,45392322,144756,487,1420802322
00000000000000000bd9c268993d868b8f46e9e40c60653e7b94b61f72dfa10c,blk00215.dat,124137050,362276,349,1420802049
00000000000000000d71f8657f09267d0944766aeb89ad56991240d2dc5e1c43,blk00216.dat,110654738,68107,660,1420801165
00000000000000000e8490c2d20ac164cb82c3303c9fd6b8794569e9e0fa98cf,blk00216.dat,43554022,68853,481,1420801205
00000000000000001a08a946707cac5a57855273ed79f95fd5cdfb24d8d2ab19,blk00216.dat,124588382,193354,695,1420801018
0000000000000000015586bf5e219d1787dcdc765e290a766774e4ca811ccdef,blk00215.dat,122638836,749020,347,1420801013
000000000000000012f2c5e62ccc4bca82a792ada09f72488d52e8f9204e9546,blk00216.dat,75878499,100267,554,1420799274
00000000000000001264aa2a3f75b330c5caa9b869279242633dd34f8dd23fd3,blk00216.dat,4458033,169327,379,1420799164
00000000000000000c835e32160c8c9cdb0b5e157d752647be2743c443dbd73f,blk00215.dat,121889705,749137,346,1420799026
00000000000000000ff9d2fe2d6692b7208cad05e9fcd80fe9bf4d138fa8c6c4,blk00215.dat,121771958,117748,345,1420797757
000000000000000018e86a92ed1b0569a98acdcabd146ffaeeab3e762df39702,blk00215.dat,120964123,319370,343,1420797306
00000000000000001a738102643e6c00a7240fe72d8c87559abe20e3c179a843,blk00215.dat,120932845,31278,342,1420797312
00000000000000001506a9e4b133fef8151c5d1edcf54bb3d24d0ebafb694712,blk00215.dat,120682628,250218,341,1420796821
00000000000000001a7fb7d1018b47363dcfa08325b7e92734513067a09ea7f3,blk00215.dat,119812747,674700,339,1420796731
00000000000000000e7324e2883fbf40725dad0aaf776e1fed11182e4eecd067,blk00215.dat,119160515,348835,337,1420796479
0000000000000000082d6cba8a9e5f77ab4abebf625e7c59970b6b1d7fb5b364,,0,0,0,0
0000000000000000131f48a6a3ccc9360164f841f08788c45249263e0e24fbd4,blk00215.dat,131985801,931996,368,1420794981
0000000000000000095457ccdb769f0792f4cfe83cc8773b4ccf184f301077e0,blk00215.dat,118160623,999896,336,1420793123
00000000000000000a59da7db65376c087c6ea98e46846716a57da40273fa28f,blk00215.dat,130676314,498419,365,1420791656
0000000000000000078a2b3eb2f4ebbbcd1c10716f387f1fe65e416ee1072570,blk00215.dat,128480148,331663,360,1420790072
00000000000000001526054bae36e9129c39869c41cca3ee037b20d37f4b38b2,blk00216.dat,41317158,255611,473,1420789685
000000000000000007eceeda32712c6da0fb6ea33ca59a48007fd60e45d64145,blk00216.dat,74660577,217981,552,1420789121
00000000000000000cc38176ab9346432c007b4b58b5e607c816dcd3fdf0b34b,blk00216.dat,37009033,510628,458,1420788735
0000000000000000072ae88c11f349c5d29bc057ddaef65a658f5aeea892b711,blk00215.dat,127629873,418693,356,1420787877
00000000000000000f8baf1a8ab35efc4f285fe0f3b4ce69f0a03ef4be677fd8,blk00215.dat,117533672,424548,334,1420787060
0000000000000000126a6d8705f88316a3643b40ae7ae7cad97f2e830b8e444a,blk00215.dat,125535555,638987,353,1420786264
000000000000000018e46457726a2832620c77c26dea44c48a913bf2e1fbbb0b,blk00215.dat,117210157,258129,332,1420784874
0000000000000000158b14bf553b2fa55c5ae9f1be48f71fe79038010c693585,blk00216.dat,33515698,12558,445,1420785486
00000000000000000fec63efd07cd37c6647c5d1e6aba54d53c75c71340f60a1,blk00215.dat,116609801,600357,331,1420784431
00000000000000000e3e3fd427323880b0d80ea6bd164c7d1e33ebb0ed6d6be9,blk00216.dat,31408697,349002,440,1420783932
000000000000000017c85280b727d012736910ab04ff71907b9e122924d43dec,blk00215.dat,115383815,24129,326,1420784017
00000000000000000e2d55b2e54e838c58cb6413bc59fc59535450c5d4768ff6,blk00215.dat,124499323,108989,350,1420782628
00000000000000000e26e3710f2f8cc4b910a0d321cbc1633f4727df913aa1e1,blk00215.dat,115276139,107676,325,1420782602
00000000000000000ceeefa962cd141c46fd033ddfde506049fabab7ca0b842a,blk00216.dat,29661935,749112,437,1420782470
00000000000000000bf3a5473f389a75ef8e95574c58e5d90a1ce3437fb0d481,blk00215.dat,113751450,749134,321,1420781596
00000000000000000d8ad853559692cfde61b741cf810142d88cffb095ecc02f,,0,0,0,0
00000000000000000f99cabb4e75c49fdd3ac566f4932b647d363b51966a31a9,blk00215.dat,123387854,749201,348,1420779745
0000000000000000024d52c17cd7212926e01e20a6513a6bf54b41f3dba0d187,blk00215.dat,112421960,498930,317,1420778227
000000000000000013d80a29bde54392ef68a75d9c9479f2d2472cf98607a7d2,blk00215.dat,121283491,488472,344,1420777343
00000000000000000b0953ea1be4abc6aee6e0df8e4b2aa33de8f8bf97c07eb3,blk00215.dat,110330071,556340,313,1420774563
000000000000000013fd477f60ae121368e5844dcc06c6be27af60f351493546,blk00215.dat,109442820,13573,310,1420773517
00000000000000000237dbc40eccb8a17f491c570b51033999de808a4102ea1d,blk00215.dat,116261222,348580,330,1420773473
000000000000000010af6a4cae51c107ab46ac9b13f4090917d1de2c22c3f764,blk00215.dat,109423287,19533,309,1420772767
000000000000000015ee314a94ee238b73d6e666506d85bfa656cb1f58af1a16,blk00216.dat,17235191,208892,410,1420772715
00000000000000001acc15f270bba636e8606502fe28bdb4ae61a796e71b73b6,blk00215.dat,109106794,316495,308,1420772364
00000000000000000e5839d34e6de622d3c7db6f445b8419bc8a0d4e78f6a599,blk00215.dat,108913054,193741,307,1420771754
000000000000000015b9eb7087acf4908a63a915cf83e1f404a1365aa228aca2,blk00215.dat,115932594,328631,329,1420771557
0000000000000000105b65706e461ed70bfd6fc8bf9993d04bc3dfe388ac4a9c,blk00215.dat,115857231,75363,328,1420770701
00000000000000001676d956b54791be1aa78775ea4dbef0e981c0d4010d3e61,blk00215.dat,115407943,449295,327,1420770542
000000000000000015e14f0516381ed759bc5aa8062a1095da42b86b3ebdf8a2,blk00215.dat,108570010,343050,306,1420769906
00000000000000000120baa08d275471bc0f3dcb1fd82e80516461bf42ec031b,blk00215.dat,114819667,456480,324,1420769136
00000000000000000d8f2b8ce108a3701a504794ea92509b3cdf222b3783c221,blk00215.dat,113245289,506166,320,1420768354
000000000000000005f5f731e0c91ed7f1c230c3b3a0343757120b9250b4cb1e,blk00215.dat,109456393,124500,311,1420767350
0000000000000000054485478937ed96e0bcd9ee296c74f9528bcdf2b978e712,blk00215.dat,107747808,36487,303,1420766990
000000000000000004145b269f0143b4b7b051f72ca8e490fef9b6ffdc503451,blk00216.dat,14833609,30125,406,1420767134
00000000000000001245c2d784133897ca79e22a4dfcf7d4c15613d3e3bc6b9b,blk00215.dat,107661089,86719,302,1420767057
00000000000000001427e7d79e5006945caa1e28ef76e097d59657188f05bca3,blk00215.dat,107917173,652852,305,1420766934
00000000000000000f1f3c25103c6863f99eddb07084bdc3fad332ce73c7f674,blk00215.dat,107312065,91591,300,1420765646
00000000000000000b6200f71c731cefda9551acef28dca78bf2300a0cb4a15e,blk00215.dat,107017097,294969,299,1420766254
000000000000000016491744f2af33499691a2a3e560bba91d0d9e17a6009b47,blk00215.dat,105334561,62138,295,1420765262
0000000000000000121f7d12040c991d8ed2f24668540aa11a3271d51c27e5bb,blk00215.dat,104225084,844615,293,1420765090
000000000000000006445010c6ffd030565dee5766c9939cfe8c6586d57b65ec,blk00215.dat,101835265,999982,287,1420764428
0000000000000000143ddda06036b860d67633accf2f9c64c70a6726dc7160ce,blk00215.dat,100317796,99929,282,1420762607
00000000000000000c342fbf3fccfa87420bebfdf23050cdfb783786e5117cd6,blk00215.dat,99506737,342232,280,1420762566
000000000000000016a44b94300721b613706f347e33a61caeccc875d16e8864,blk00215.dat,98257407,999835,277,1420762492
000000000000000007b19be1397f9f13057e99ce653e08bfab6f835c0b663b45,blk00215.dat,96184587,365064,272,1420761750
000000000000000013a85b4b5873d4713282ffa62360cc5f0995165ae5fb31f0,blk00215.dat,96101171,83419,271,1420760315
000000000000000018edd5c822095497f7cf8f1224264df959f33c7f909a09ee,blk00215.dat,95948483,152689,270,1420760244
000000000000000015a2377bfd8693a9800e5f8ea5c0a8f2d82903a8da24bb9b,blk00215.dat,107784294,132881,304,1420760054
000000000000000005f03074db402307b6240a52f33e8cc56eb6016d6460342a,blk00215.dat,107403655,257437,301,1420760045
000000000000000012a7a4640b276cd07957c967d7c95f26ae55aa3fe5bb78f3,blk00215.dat,94074781,949076,268,1420759773
000000000000000005a97d96a8307e8c136585d9fa00e564b4172ca91cddcb4e,blk00216.dat,13886443,749110,404,1420759959
00000000000000000524c05007939b2cabcb90c5f4fc934e2854dee1d914452c,blk00215.dat,105069692,264878,294,1420759252
00000000000000001a517445e6091c59348ba6b459445c3de5ba24fe3b67524d,blk00215.dat,93964697,110084,267,1420758139
000000000000000008756a62eb54f5003b6b493cb48e86b081ef61d1b1cb60aa,blk00216.dat,0,811869,371,1420757859
000000000000000000dad43d729787249920b5f1420d54d4555bda2c91b3ceff,blk00215.dat,104117847,107237,292,1420756936
000000000000000016d1597b59e8e1155bcd62e78d62094c3ef66a3a5c4da1ac,blk00216.dat,122134767,992784,690,1420756814
000000000000000017bb88d936d1ec1ed87482fc40da9b6340248ce249e7911d,blk00215.dat,103285399,716906,290,1420755160
000000000000000009c5c419d0aafb0ea0f223eb8fb97f9b8eb1e52f5b88763e,blk00215.dat,93602897,361802,266,1420755138
00000000000000001003cc559de4dd46e57becdb59c1a1fb7f4d3b99da5647bc,blk00215.dat,93497894,105003,265,1420753483
00000000000000001a2aa7f9a337b1f70fac4bc42f0326b3142551bcb4dbfd85,blk00216.dat,71457724,774287,547,1420753389
0000000000000000106fd0c6ce1de9d75dea15676055c0cde2688e4d82e66b2f,blk00215.dat,102835245,204,288,1420752617
00000000000000000ddce8e7fa1baf37f658138f62c3780dbbc10074ecb57b6e,blk00215.dat,101570347,264919,286,1420752493
000000000000000012c0bcc02486c0801e0f7cb05a453a264d8f2f9e69404660,blk00215.dat,92303643,821751,263,1420752014
0000000000000000056a8b02e522a20230235f600f44528d065ff39a7c4b87ef,blk00216.dat,60558719,749145,520,1420751382
00000000000000000f1764dd42422f10172dd6728149b5c9068d8ddee7b7d514,blk00215.dat,101166856,309351,284,1420750530
00000000000000000ca2906dc97b668b445285f6f1291d336839184e0531cbbe,blk00216.dat,109905550,749192,659,1420750001
0000000000000000071fb51efc36bafd19b0901ca3c419aecc97791564237d04,blk00215.dat,90806741,749166,261,1420748955
00000000000000000b862aba01d8d8d23d7804afb665d9069f0ed6c57a05e0a0,blk00215.dat,128911708,999844,362,1420748385
0000000000000000167959cacbf708acc7caf52dccc7361cb3ceea634839e464,blk00215.dat,99848938,468860,281,1420746904
000000000000000018a4de518a5ecbaae70a195e59df21f620c96291c3b2617c,blk00215.dat,90668689,138055,260,1420746156
00000000000000000e9ff888119e1a6211e6858448fd6866099be8c1a3a4dd2e,blk00215.dat,99366707,140031,279,1420745847
0000000000000000081d26814456e96ea02a0a2cc70c23b6cf5f8c342499a1ac,blk00216.dat,45623512,255332,489,1420745925
00000000000000001216a75b71a043bff166e961fec3e624693cc4499b698a9d,blk00215.dat,99257233,109474,278,1420745585
00000000000000001323a6d67f2d7c3b8b287ce8fa2e41407518ae686ff27c49,blk00215.dat,97873257,384151,276,1420745458
000000000000000010b43ccc975b61237a0514e79be268cc92b135722d9c2bf5,blk00215.dat,96798199,325996,274,1420744947
000000000000000012e890d05cd5862e62bdf0bebc6614d90f0ee8b946c8e682,blk00216.dat,115104139,749169,672,1420744750
000000000000000016af5e7ab6a4e1e921b0d0fe933bbf2679b550643baad5e7,blk00215.dat,96549647,248558,273,1420743481
00000000000000000085367a908ede955d742347bb7923cfe864944804c5bbaf,blk00215.dat,120487443,195186,340,1420743370
000000000000000005a2edf334f969c34fdefd91be0369564451cae829ed8b1d,blk00215.dat,117958219,202407,335,1420743200
0000000000000000154834ac9c049ab313fa47a80d549904ceda50b375aa316c,blk00216.dat,115997284,516035,674,1420742999
0000000000000000181cd41e4aee9b38dc63e5e700cc9fa9a6f9d98f0f1f5121,blk00215.dat,95023856,924635,269,1420742505
0000000000000000030927b7c1968bcba651cb9991b5eaa9f6977ae40df37ee2,blk00215.dat,114500581,119662,322,1420741345
0000000000000000114e4f72465cf903bcb22075c2e3f386af6db9d7fdc0a88f,blk00215.dat,112920889,136921,318,1420741236
000000000000000003abb4ded5262ff9967996f7d42ce3440947cb08672c4326,blk00215.dat,111635521,473575,315,1420740996
000000000000000019f257f509837e9558cb92b0ae1c6f3a5a5ffb32da7e9824,blk00215.dat,91555903,747746,262,1420740487
00000000000000000969c69d7cfbfee6c73d5eb7921d7a1a2f598236db2adaa1,blk00215.dat,90655774,12915,259,1420739952
00000000000000000df6a99a74b10ea31e247930a369db53e814721faecf65a4,blk00215.dat,90458324,197454,258,1420739544
000000000000000001a445c486d89b6145a1d7a2341bc98101c03d11616670b3,blk00215.dat,90215225,243101,257,1420739355
000000000000000000f771ba927f52c7fc6ae6d51a078bc734555e99504785d3,blk00215.dat,89879364,335862,256,1420739159
00000000000000000732fb838a2d7e7c18598f93fcb3788a28f6018dad0d0724,blk00215.dat,88368466,46538,250,1420739031
00000000000000000abf028430ef14b71db745fdd985f95ad11021aaba41b62f,blk00215.dat,89130171,749201,255,1420738944
000000000000000006503c276571bd687243c460df30920e7224fc7ff2f2a2f9,blk00215.dat,88181200,187269,249,1420738084
0000000000000000139fb57207f63568c6b1391e4840c3299cba8b72c0fa79bd,blk00215.dat,89026295,103876,254,1420737475
0000000000000000030c9311e8cee459cc94e7d7a66ce11d3f7cdfa41048ac81,blk00215.dat,86836545,529830,246,1420737386
00000000000000001670ab345e460fa2369380a3b742dbd762aaba3f056ded08,blk00215.dat,88924924,101372,253,1420737132
0000000000000000130d590d59058b45977ca1edc9c9d9e36cb1498e1701b7a9,blk00215.dat,88548782,376143,252,1420736842
0000000000000000198a011a916c7770ec701cc08504d03fd412c02772ffc301,blk00215.dat,88415004,133780,251,1420736768
00000000000000000de6445efc08c47792d8b52004c76516df84c8071cac0f69,blk00215.dat,84708959,582347,243,1420736195
000000000000000017f5761ab0003258e474f2cbd036c85f1bd2a2c4b613173d,blk00215.dat,87744322,436882,248,1420735258
000000000000000015c95fb3b421374f8278a72ff3816e0f0cbef08a3d42432a,blk00215.dat,86040343,796225,245,1420734766
00000000000000001177c70e7b05f9790c645202b6714b8dce38a10c1ddd9b0e,blk00215.dat,82463691,999969,240,1420734445
000000000000000009bfca5a27f95c6212923139b0f43888d8581f49b3542fd4,blk00215.dat,82114585,349112,239,1420732940
000000000000000010320a0a6d12f916ddc8d1b6a6dc7b7f1ed3af47deecf43e,blk00215.dat,79566998,749185,235,1420732413
000000000000000014a4946caf3342d5ac6801b7a28fde3c9c02113455ac3027,blk00215.dat,83463656,496204,241,1420730777
00000000000000000076f7936e675a1233eb0ce9fb618f82a1787b198595da3a,blk00215.dat,77353265,807981,231,1420730378
0000000000000000074a1b1f139e2e62eb419505bf9fb5bc93bac764eb86ba1b,blk00215.dat,81065273,999982,237,1420730102
00000000000000000b274f4532ba708086ce767587952cac2d56b08a7bd8a8e9,blk00215.dat,75246147,849226,228,1420729975
000000000000000015eced7801449ca23e12c301172c51e8473f494f6f2bb1bc,blk00215.dat,80316180,749099,236,1420728514
000000000000000009020f9bd08adbe90eb1b0e3452dde5d586bacb92245aa54,blk00215.dat,70324510,89751,212,1420725335
000000000000000001b6d4d4d8db1ae8b435473d7bb5ea0e47a4cf053ccbba5a,blk00215.dat,78331714,775052,233,1420725583
000000000000000010bcbc1091749b0ec9763654607477f7d82c703edb4d9d46,blk00215.dat,76095360,258030,229,1420725217
00000000000000000b13bc1c1a81745dcc415599e95d5e0256220172b3d7724e,blk00215.dat,74738617,507536,227,1420724027
00000000000000001591e5de8c49b3771913de615ac713317930fc4e68f29eb7,blk00215.dat,70108769,215746,211,1420723124
0000000000000000036a1041dc7c1d05fc6dc94f329c1628e927305c6bca0abc,blk00215.dat,74347745,99883,225,1420722803
000000000000000002f57f311aec6747dd3ce14664dbb2a5f59de7c8ed3b8e88,blk00215.dat,69894574,214196,210,1420722672
00000000000000001709094fdeb7774520fb4809364f79cc69cb1e8c92b95f1c,blk00215.dat,74330408,17337,224,1420722323
0000000000000000181c09aa3a8f4603c3917cb14292be465d67329c94dd3418,blk00216.dat,113632989,250894,667,1420722306
00000000000000001200ef61efd95db3e37c39b770e76ca9f97f2231b4b2234e,blk00215.dat,69633604,260972,209,1420721836
000000000000000008aa3040afbb992903fec23eb0aae1e480e4163dd3e84fe6,blk00216.dat,114633060,247426,669,1420721382
00000000000000000a193d80f8db7dfe31e6843f0cc27f00d211a01a7b6d8e66,blk00215.dat,74231693,98715,223,1420721030
00000000000000000dfdadf88e044dc4dde792867ab96d43668f376116271855,blk00215.dat,73216100,701113,221,1420720851
0000000000000000058b9aca03086f3eac809dd1ece919c3f3a6552100d64f73,blk00215.dat,69199087,63446,207,1420719763
00000000000000000d1a91caf77719adcf94db4ae3cad471006b5bd336832137,blk00215.dat,71702705,744047,217,1420719681
00000000000000000fe8a7c845411264e57ead2ac86c7dbec55a5640ddf84b72,blk00215.dat,70414261,830797,213,1420718245
00000000000000000068b5171860727c358629ec7e2ab2b1371597320cbd674e,blk00216.dat,124239677,348708,694,1420717015
000000000000000010ae11cd974571f1d2a478f43c1e60986a754d1cfa3dcbda,blk00216.dat,40758822,60436,471,1420716729
00000000000000000dc56eb4f2cba2e83438b295e72aa226891650837c82fedb,blk00215.dat,68909659,262564,205,1420716671
000000000000000016f4b170d30f7e945070ada86db2ac1acd90449dec241a32,blk00215.dat,69262533,371074,208,1420716418
000000000000000018ca8e8bb022bfde827da9ba0ff83c650f82cd89c17007c4,blk00215.dat,69172222,26865,206,1420716852
00000000000000001ad3044921055857a348fa143de6cb94a6dc2e4035102100,blk00215.dat,68160557,749108,204,1420716305
00000000000000001961aebab0608488fb143ca38fd52e7b4a2237651dee2cf2,blk00215.dat,68109926,50632,203,1420714240
00000000000000000873092a918d43e24810ce9d994d80ffd24323c853dbe01d,blk00215.dat,66841421,437041,200,1420714134
00000000000000000ebd8b8e91116700aaf6fce700e9728dd03a36b0e29817c2,blk00215.dat,65815559,302252,194,1420713476
000000000000000001b83ac510945b5717652f76390e64c1d7bab9bc79778304,blk00215.dat,67744794,365134,202,1420713177
0000000000000000179488efd69f2deebd971c0c55ca817d6b5a73fe642f93c2,blk00215.dat,67278459,466340,201,1420712524
000000000000000010e2b2349baada443111f75ce78719ae0dd9478009732323,blk00215.dat,66359768,481655,199,1420711435
00000000000000000d44503b9252acc3e46f79257344b0a8342bd450c4785697,blk00215.dat,65208794,153148,192,1420711218
000000000000000007ee0bfd94518c2be3bbde8a4783339107368b432d67fb6d,blk00215.dat,66273199,86569,198,1420710648
000000000000000012352fdd6b99499288bb06ea22bb1d6890f3fca6fa6ae467,blk00215.dat,64570179,575637,190,1420710548
00000000000000000b398597f63ffb2e150bbea595c79886bfdc116c0499303c,blk00215.dat,64166339,213078,188,1420709145
00000000000000000db1057b8ce1c9ef4e5b18e67caa87168363bfe564adc51b,blk00215.dat,66260427,12772,197,1420709019
00000000000000001698d398320b8808c4541c92ba4b2d7b63b18b63e8f6c130,blk00215.dat,63924024,242316,187,1420708962
0000000000000000082c2ce9a058a30d3713df6eb770bd4f4af8485240e966d9,blk00215.dat,63591833,332193,186,1420708720
000000000000000002bff02ec586ddae4d6e390c4c510180fa8e01db8e4b6eb0,blk00215.dat,63410245,69671,184,1420707913
00000000000000000bc65155eded8a337c864be7528f73da9d41770208260717,blk00215.dat,62379734,505727,182,1420707820
000000000000000010646c0694a508f0c50a382cf991009718e75b337340a44c,blk00215.dat,61022950,99966,178,1420706859
00000000000000000fefe5a15ee43ffef06f50eaeb2645a6a2057a39e8e3510a,blk00215.dat,66160016,100414,196,1420706742
000000000000000000432d8e7da40313ba0bec2d0b632e628e0404f5f7eb9c96,blk00215.dat,60769718,253235,177,1420706649
000000000000000015accce043ad33a20a67bc048849e0d7db63c4281b9826f4,blk00215.dat,59885157,35323,175,1420707022
00000000000000000f64eb447e4151f36d193386d954f4e2c77358d3f864499e,blk00216.dat,40398603,99901,469,1420706177
000000000000000008e215690541909239790ddb7e2866509fcc4541b977ca67,blk00215.dat,59379771,505401,174,1420706017
00000000000000000261cb11676955fbe26b778ceb08a8fdd4c2346ec2fdb4fb,blk00216.dat,38496254,749077,465,1420705410
00000000000000001aa32022c1be06c43412d1b072c139410cb0a2cd5e1eafae,blk00215.dat,58025346,749104,170,1420704502
0000000000000000123ef0406a4a26a4d489df9e5e9ef7b6f2c81867120acf9a,blk00216.dat,21113521,749175,418,1420703589
00000000000000000575f537a9d039f2802248b7bbcd21c1d697aa56f69f35f5,blk00215.dat,57276288,749059,169,1420702407
0000000000000000199072be2542d5784c4c46f3826c86004f5df96b9cbaf9b1,blk00215.dat,106864572,152526,298,1420698694
00000000000000000f9284d6b7b75ffc324b6fd612c9eb65850e08711434d961,blk00215.dat,105396698,467929,296,1420698436
000000000000000009d8217d9d9c1b4456a91b2bb00b8a27cd6db0cc79261999,blk00215.dat,57158887,117401,168,1420697635
000000000000000012c3a2567bca1f35f114c7ffe97606426336e5b33dcd49f1,blk00216.dat,4091847,16982,377,1420697890
0000000000000000128dc1a7b124990299dadbf482808b970ac43b4575ab4591,blk00215.dat,66117810,42206,195,1420697593
000000000000000001a83880d94d3c600b5f084dd2bab08c437d0d63c7c0dbcf,blk00215.dat,56781372,34527,166,1420696969
00000000000000000c71076c8ae53f619de7aff7130849009d555d8258362ef2,blk00215.dat,56524950,256423,165,1420697082
000000000000000013f360b50af404bff429b7bb4b05502b6c39f9a4a7f5d255,blk00215.dat,65361939,453623,193,1420696772
000000000000000014b568739c3d661c39971990226f18cfe875d103954d2098,blk00215.dat,53985674,587358,161,1420695845
00000000000000000d121c33cac7becdd491d2f827acd0d33c16d510df3c72ce,blk00215.dat,65145814,62980,191,1420694977
0000000000000000077a9ecf0223510817982e03393ca018fb8add8076ecdf0a,blk00215.dat,53807379,99186,159,1420694952
000000000000000015924601fd3edf335a54e299d4b5be0731a534666d4efb1c,blk00215.dat,53548669,258711,158,1420694742
00000000000000000e48530813443c27a8a460c0b40c163bf25fb6e2a2d007f5,blk00215.dat,51980046,749165,156,1420694518
000000000000000011d305636e8c67823d4977f9a0e16aca3d9a9b9bb2ed64f7,blk00215.dat,104002301,115546,291,1420692758
000000000000000019230abb070488be1f3b06ef5cb3cee5ab9f66cd5c15cc57,blk00215.dat,51880207,99839,155,1420692497
0000000000000000030d9281927559e9ac954e63032101239f91108375eb4e61,blk00215.dat,51879951,256,154,1420692373
00000000000000001983dc4a87df627b63cdce28e5321cb867fbbb74c0e87e8e,blk00215.dat,102835449,449952,289,1420692003
00000000000000000916150b97eead54666b58e124a915bbdf6c35e3e4ae7768,blk00215.dat,51530900,349054,153,1420692022
00000000000000000f110864a6bd770b2b64fc121841a6fcecee14c937d480b9,blk00215.dat,64379416,190765,189,1420690627
000000000000000009283f0976c1a883e7768523df9fa9bb61a32a868f90ce86,blk00215.dat,101476206,94141,285,1420690118
00000000000000000eb93637aa35318e407eed1fce9ae6993bc4b1006b0e3308,blk00215.dat,51121542,409366,152,1420690018
00000000000000001067094c1f36d9f99c126e19f5b6e3ae953602fcf45334b5,blk00215.dat,63479916,111920,185,1420689573
000000000000000012acdccf4e4570801162249c49a840f1589a89828a51b18e,blk00215.dat,49805038,567324,150,1420689004
000000000000000011b2925931eeb8857453d9d19ce210563f35d68a95ae3da0,blk00215.dat,49550013,255028,149,1420688108
000000000000000009368d69f8a66d3a33169c94a206b84d95a754d03d998d55,blk00215.dat,48531149,902388,147,1420687481
000000000000000015bfaca24ca72cf172bfcf818d7edf0cdebed1a4a15d0baa,blk00215.dat,62885459,524791,183,1420687484
00000000000000001aa99ea201f953b33da1ce4cf9f799503c02ff222d7ac287,blk00215.dat,48020810,294882,145,1420684391
0000000000000000069ca61f0391626293570937418b5de1ebaffb42d87e2846,blk00215.dat,61167395,463278,180,1420683979
000000000000000012b94d7c5c46b9adb28fc3afd6fd3313a18cb7c65ac63166,blk00215.dat,47087620,748934,143,1420683511
00000000000000000818b23fb38e8a69261f2deb9c52b0b96acc5251e86931ef,blk00215.dat,100417725,749132,283,1420683272
00000000000000000b0b08054c4eb3ae7cb4d976bca981f3ed4eb3e25b8c578d,blk00215.dat,59920480,849240,176,1420682722
0000000000000000042392725274ac1e98e815acb0adc7e6bb1cd5361e1cd1cc,blk00215.dat,97124192,749068,275,1420682440
0000000000000000097ba7321f93c4751223b3995e0d2887564f6ac8ab28d955,blk00215.dat,45496363,749062,140,1420681658
00000000000000000fcdf1bf689dcd096a9cafc3e9f2214972097449d8fd260e,blk00215.dat,44388055,403246,137,1420680619
00000000000000000f04a936bd7af5ce61c7708464e9d4ff008b8abe3251321e,blk00215.dat,44329431,58643,136,1420679101
000000000000000009c038bd7a4c6d5783f4a96f458f6bfee066304bbed1a472,blk00215.dat,43829984,499198,134,1420676399
00000000000000001653754f1aea6adddc99353df7f007192a25a0c089a361d0,blk00216.dat,811864,749230,372,1420675238
00000000000000001443848ea2141e2e188de96a9bb3cea3e57c7d4bb85871a6,blk00215.dat,43289196,41933,132,1420673070
00000000000000000cae4bb64c18dee245a358dba70ad945fa81eb35e3251b98,blk00215.dat,93125388,372508,264,1420672990
00000000000000000b480f56a2b8404a49043922ca2fb4681407ed6474f45aaf,blk00215.dat,58774447,215862,171,1420672782
00000000000000001300898e329e2d43c0a3477ec5ed72d96b87c43bf373c273,blk00215.dat,56815899,342993,167,1420671860
0000000000000000038028fedd7f8be46da6b297ca2431934ec67653c20c9b30,blk00215.dat,87366374,377949,247,1420671310
000000000000000011753713eeaa10caf76f770f3338d1ca76ac035242387bc0,blk00215.dat,43166971,122225,131,1420670617
0000000000000000198cf6ae071db32813b134b6bd25f11233ab0b3710bcc4fa,blk00215.dat,56004932,520027,164,1420670477
0000000000000000186b73dcc9f88502ba40e1c3fd87b5935aecca8b878a7fe7,blk00216.dat,112191778,692162,665,1420669879
000000000000000018aba076b026eab8fb56fe154707ddf373e78b90aea29650,blk00215.dat,85291298,749053,244,1420669640
00000000000000000132e93e2fab500f070347c13a6afeb6de55d6716781c55d,blk00215.dat,55255795,749147,163,1420668857
00000000000000000c976b660c6397153e312fa047ceb24f4639fdd04a4b241b,blk00215.dat,76353388,999903,230,1420665495
00000000000000000a727b25e962d11a0f3a70c153237789a0b939cf331b035b,blk00215.dat,42417837,749138,130,1420665402
00000000000000000c25ae0f7af57636e69b4a2a4ce12c38675e1954113fcc6e,blk00216.dat,108116582,149777,652,1420665199
0000000000000000191787659929b87dbd19131fa622a22ba68abf350d96c241,blk00215.dat,54573027,682772,162,1420664914
0000000000000000102fdf537028437b639e9f755d78cc004139e53a07c1ab46,blk00215.dat,42255196,30267,128,1420663206
0000000000000000167272e465e4e42ffdbdb4b263a2a7e19be4074c09e9e3f7,blk00215.dat,42229826,25370,127,1420662449
00000000000000000225ae69ceee36674e661eca8f7c65a8256e154f35901a72,blk00215.dat,41295847,749059,125,1420661514
00000000000000001266f294922b9570385b0b1433896d7df08819c6aa45b90a,blk00215.dat,40478079,30207,122,1420661154
000000000000000011d62e4789017b261c9dd435fc6ef0e26f2bb664d2d39e6c,blk00215.dat,73140913,75187,220,1420659695
00000000000000001142e73a5f926c6227f97de2d759116011e209ad53647756,blk00215.dat,39557135,748904,120,1420659661
000000000000000017cdb0c7a97c655d5db449532ddd09939498e45639136647,blk00215.dat,53906565,79110,160,1420659353
0000000000000000106b71581d06bbe3d4a3e1f2535a9b6b53d9d89f25d02920,blk00215.dat,39119166,437980,119,1420658386
0000000000000000057b77b274867e8b2fc69147820438e2c01e7af6bec3c4f4,blk00215.dat,52729208,819468,157,1420658064
0000000000000000194db88f70e563c0db38d443cd4dfc54eda3790b598d0c1c,blk00215.dat,38999173,119994,118,1420657575
00000000000000000bf95ba93232f7966c6cabcfd81867a150ab0c00532d24cd,blk00215.dat,38060353,498818,116,1420657240
0000000000000000085417e6ab64b3bfbb38183dd1bcf446b2738494ec9494a8,blk00215.dat,50372353,749195,151,1420657135
000000000000000005dfd519ee72d737f2bf9d5b8d2eb8688257b1627e53c941,blk00215.dat,36562090,749046,114,1420656123
000000000000000001fbb785c466cfc14227a0e1f21dd6ec4bb5e41d104d2af3,blk00215.dat,35319448,310497,110,1420652898
000000000000000017aba0c60023850eb6a821c37b29a5ff5ad782113fb43724,blk00215.dat,35219552,99896,109,1420652345
00000000000000000245edc44ca808b057edc59e789f5d1cd69eafc8b9efb9a0,blk00215.dat,44791299,137009,138,1420652253
000000000000000004bda0aa281a3e587fa2d95554211918a45a5bc0b21d2a8d,blk00215.dat,35050836,168717,108,1420651821
00000000000000001a74988ac0c3145f00701b1690f379532823ebd638936d13,blk00215.dat,35050632,204,107,1420652123
00000000000000000588e49da4adf749fd10ffc5030fa7dbc5ecebb926fc6716,blk00215.dat,44329177,254,135,1420651981
000000000000000012165aea8650d254d7b51d6065abd5d1f411f13f36984b77,blk00215.dat,33742542,691095,105,1420651804
00000000000000000e59c0be2cef113adc18306ff614ccfa51a7a0ab15b178fb,blk00215.dat,43331129,498856,133,1420651550
00000000000000000773970e892164af18f115358193146f093ee3dd0b53739b,blk00215.dat,72464778,676137,219,1420650471
00000000000000000befc6eedf4059f13ead9ad42b7af0eac918a9481c965f95,blk00215.dat,41195406,100441,124,1420649531
000000000000000001f5d9c4cd961ad3e324c5c7f607eade835c71e2f048078c,blk00215.dat,32618752,663599,100,1420649442
00000000000000001acf764954ad4bc4a7e71968a2551135fb01b5b602819a3e,blk00215.dat,40306037,172043,121,1420648483
00000000000000000ca4ebeb272e8f038b927a0bf764fbfaa537e2c11d58527f,blk00215.dat,31224548,612412,94,1420648350
000000000000000009e28fcc00f8f041bd35858840a915b2bff6171b37cea471,blk00215.dat,38559166,440030,117,1420647319
00000000000000000b5bed9347440901ccbc7a11cd26bde2e4e8041d3bfa0ba0,blk00215.dat,30119936,348732,91,1420646841
000000000000000004d5ba53653e178b90d37835d970009d28b64206af3e25bd,blk00215.dat,37311131,749226,115,1420646319
0000000000000000178506085afbf1a33651c9d569373b023f63d442f79a2873,blk00215.dat,29980144,139793,90,1420645387
00000000000000000f7362d7febcb1a2aa6f348a8878be96b33ba1ccea66a82f,blk00215.dat,35818291,564516,112,1420644907
00000000000000001626f32b230dbebccd680ba136727986e7aa1646860413ce,blk00215.dat,29827677,152467,89,1420644046
00000000000000000ab5c75b05952e7471dfb1b9161779d159b2dd389f696179,blk00215.dat,33482206,214564,103,1420643879
0000000000000000083ac0c4748b2e0b31bc65775954c027ab54dd05fc9a522e,blk00215.dat,33382312,99894,102,1420643702
0000000000000000152bd93a1c7ab20b78a426be8b7b3417d06d3bbb7601929a,blk00215.dat,29349051,478627,88,1420643609
00000000000000000d74b972aea1aff20692e96dd6ec85b6f157a2577d61c9d0,blk00216.dat,107989756,68534,650,1420643460
000000000000000013d52d2919f03baf956961b7e1a9473404a55b7e544729d4,blk00215.dat,28057637,749182,86,1420643378
000000000000000011cd033d70e8c5a99c37408d3501c35fd007d2cdd0268e38,blk00215.dat,26459310,849210,84,1420641709
000000000000000005431e08fdcc7f6d2f41271c13d78dda5792e969235edd84,blk00215.dat,25603136,749203,82,1420641012
000000000000000016bc0a8676135db493d9f2bdf407be83640afdacf9a49b15,blk00215.dat,32369706,249048,99,1420640771
000000000000000010b8dcc6ca404663c2cd96dc2627ef96b8dd2c9ecbc4a818,blk00215.dat,25448131,155006,81,1420640122
000000000000000006e33c9c2fb59d1c0f44264da3a79929b544380ce9e3cd12,blk00215.dat,25079904,19288,79,1420639931
0000000000000000067e6f800d5033acd7733725e2868688953598a66fee80f0,blk00215.dat,31973150,329843,96,1420638652
000000000000000019c726b3d7a556f82b47fdae45516f939ed8257e581ce601,blk00215.dat,24942296,137609,78,1420638280
00000000000000000237e90f3ae02a131f826ec3c6d1b89acde6857bfc5a83d2,blk00215.dat,30468660,399253,92,1420637832
00000000000000000c2de400c24c05c3640d31c7acd85ca30c51b82dfbbd9000,blk00215.dat,27308519,749120,85,1420636695
00000000000000000861814b3faf868d6987f558c32a26301044f7298b56ae77,blk00215.dat,24505314,436992,77,1420635445
0000000000000000134633209e430e14de610d8ad78eb35eed3d2de43c24d444,blk00215.dat,23681637,332571,75,1420634904
0000000000000000169feb79a911265c322fb9951ff76e5e91fd7ca00b4eb451,blk00215.dat,26352337,106973,83,1420634381
0000000000000000007851ddb6c0e521063e6d6baf13e57669a5b0b4472cec3d,blk00215.dat,23501658,179981,74,1420634251
00000000000000000a7d2d4d9a92862365a6d37886ab92463fe7babe946539c4,blk00215.dat,22893400,517395,72,1420633914
0000000000000000182ee6813a9cee6a4e525c946a8c5b809004e08314d8eb6e,blk00215.dat,25099191,348941,80,1420633407
000000000000000014c5f8d444e1ff2a6183317673e3649a476647162a33d006,blk00215.dat,21321580,295411,68,1420632305
000000000000000018180e47e144f50bda62599ad48287f21b9c0f9565001d4e,blk00216.dat,124118624,121054,693,1420631869
00000000000000001ad522ba9a47ae81687ad49bc9271e8515d2f90c37d3b10e,blk00215.dat,20687668,542380,66,1420631338
000000000000000004a3127f741e02fb1b03be77e7c4a5d9a327b81c24cc9b30,blk00215.dat,24014205,491110,76,1420630468
0000000000000000159d30db1cb60bc05315b6abe4a7253acca4ba4771a7e1c0,blk00215.dat,71657031,45674,216,1420630529
00000000000000000b526626305faa47143f877ac4218042097d6852f0af18f4,blk00215.dat,23410792,90867,73,1420630036
00000000000000001a19d2fa9c90334c7e67a2e0da656948d04284f977e3b9a8,blk00215.dat,20274536,313295,64,1420629354
00000000000000000a38001f789623f9f1cc5e71e4ddb4782470a87ef588983d,blk00215.dat,22657378,236029,71,1420628705
00000000000000001532397bda6961f2f1d4cdc7c9594b1b67d593251e26eaff,blk00215.dat,19707979,466709,62,1420628336
000000000000000014c61902001cb35ecaa8047d9c9e39703f1f878827471668,blk00215.dat,21616990,291242,69,1420627417
0000000000000000151e7b4bfce51be233e583c6d0442c54ecd9047af7bcb9da,blk00215.dat,18809926,559215,60,1420626823
000000000000000016fb8d42037e6aadf5c1e324ba2bf2ab8819e1f06cb385d7,blk00215.dat,18221978,99939,57,1420625748
000000000000000006f363e88b643cbfb988e356271a5d6f682c4480fd34d689,blk00215.dat,21230030,91550,67,1420625658
0000000000000000121bd2780af13fef26f26bd8c40d3e37b67e46f4740623ee,blk00215.dat,17145349,465623,55,1420625495
00000000000000000410cb90b44edd663b97fec08ac5e0f9f3635782dfd3a8de,blk00215.dat,17106507,38842,54,1420624936
00000000000000001958268285d18286311aeec2f0983428cef5d0ee0fcd5c75,blk00215.dat,71576295,80736,215,1420624819
000000000000000018e91848f33adebac2d6eb1200e69f4e936fb78965a813c5,blk00215.dat,17024964,81543,53,1420624785
0000000000000000144faa2f8f07d9873f0deff3efd05a71c376a1868eaf7519,blk00215.dat,20587825,99843,65,1420624641
00000000000000000aead5fa980d096144cdbbcbba0f3917d78e52722eaf0667,blk00215.dat,16199999,441846,51,1420624425
000000000000000018da9c89612820ec8f88c503b352ccfb5120007b19b1ffc5,blk00215.dat,16066332,133668,50,1420623519
0000000000000000046e591e92b3c6fb4baabe73bbdc4de3e82aa2df187d220e,blk00215.dat,20174681,99861,63,1420623210
000000000000000011537fb589f0f5be0cc47cf5e92be0ee174af1bf871299a1,blk00215.dat,126174539,543920,354,1420623001
000000000000000013be85f4815d62a9403b80545010591265a33884845b8dd2,blk00215.dat,19369139,338863,61,1420621958
000000000000000009e40801a6e108293c9e340334e0c53ed211acf02d35d2d3,blk00215.dat,15276240,390353,48,1420621252
000000000000000009150986ae64cac0a86143d67a1766e2a03499d25db5ef8e,blk00215.dat,71245056,331240,214,1420620334
000000000000000006d5f61d93d68168dcc88ea6e00f5070611b831f6cfaca64,blk00215.dat,18597073,212854,59,1420619616
000000000000000016f623646fa7723cf1595e991c4c99d29de419ee6e593d29,blk00215.dat,46889997,197624,142,1420619197
000000000000000013c716bfe447c5c38bcd7037c1655342c42d47129cfd0521,blk00215.dat,18321916,275158,58,1420618853
00000000000000000145e3a10766da02251a54564765f6d9332a05fd9804e37f,blk00215.dat,46245422,644576,141,1420618271
000000000000000000a25b9058ce1ce6598fcd23b801ef69deb7e74900cff90b,blk00215.dat,42285462,132375,129,1420616799
0000000000000000142c98cd675db7cc1018237551d60f777da7a75e6365f586,blk00215.dat,16641844,383125,52,1420616512
00000000000000000e58bd923f1ce503ea2ec737c3a04229fd15e5c9a5d0bb82,blk00215.dat,119509349,303399,338,1420615617
00000000000000000f94a5a4fae571eeb2476f1f0d9ee0298425b0a65b82da67,blk00215.dat,42044895,184932,126,1420615113
0000000000000000029c23906053d61827ab99d9b0b2da549110ee52d7477fda,blk00215.dat,15666590,399743,49,1420614663
000000000000000010cee3046cf1cf428d6df2c071b41d231f5b3e452b978320,blk00215.dat,15221436,54804,47,1420613807
000000000000000012fa85c70d81f9256d6ddead987310f389f7dac79009a79f,blk00215.dat,40508286,687120,123,1420613755
00000000000000000cc075c9d3c4fa9863453f696f5d1f6ccdd3f2f81762598d,blk00215.dat,36382806,179285,113,1420612065
00000000000000001779b320a7cece695022edb4b42282f722e55c0106a9bf79,blk00215.dat,15010163,211275,46,1420611736
000000000000000000ac026fd6989ee5fc2e103073bf529eb50d45d5badf1f2b,blk00215.dat,35629944,188348,111,1420611109
0000000000000000005e33dcb1f411fc3475838ffa47786228e49be343a6864e,blk00215.dat,14626260,186829,43,1420610576
00000000000000001313b58fad07e776c12039ea31cd59134908c6a18426680f,blk00215.dat,14894625,115539,45,1420610035
00000000000000001119c7ed139994016a5fc91c8b9e770f27de4ddf77f51a3d,blk00215.dat,117468285,65387,333,1420609843
00000000000000000af04329b8b614fc46305393808a1a59bbda719503f1a0bd,blk00215.dat,14813088,81537,44,1420609746
00000000000000000ce6b55e717a3930254ef3b78ca4e6e7435d294d22920731,blk00215.dat,13927058,401765,40,1420609676
00000000000000000b2e131bbd483cdfe40f3fe7ef2dc141f4c7ad47ca84f1eb,blk00215.dat,33696769,45773,104,1420608973
00000000000000000e9576774b6872fb3c5ad5a6ee9406072eaf5372bb581e28,blk00215.dat,12385392,295444,37,1420609020
000000000000000015100d77411a7fddec226e6984421e0f15e9ef8ad78ddfed,blk00215.dat,11868830,74691,35,1420608333
000000000000000012a15456fd69be1b5129b782fc5e18359c2b47545b149d07,blk00215.dat,33282348,99964,101,1420608240
00000000000000000bd2c722baf78d7f0a16a1565eb1c7ae05cd5a8c64eec8a3,blk00215.dat,10634411,761226,33,1420608145
000000000000000007e0b8ec0c75a0466668372760663c31420c8f2e5f1543f8,blk00215.dat,10288854,188902,31,1420608133
000000000000000012253fc2be640cba74ab09b05dd094d233147ac7d5962a71,blk00215.dat,9217634,749098,28,1420607077
000000000000000008b1d1d793f7ee677b02ddd0cc91f0d80d0450c906bbd865,blk00215.dat,7897347,98516,23,1420603748
00000000000000000f34d96abcae89475afa0e887eb89a8544059809ec680a5e,blk00215.dat,32302991,66457,97,1420603738
00000000000000001231f5ab7ce8c487d2968546191dbb5f1859fc9a38468c47,blk00215.dat,31836940,136210,95,1420603659
00000000000000000dfc1cfeb25a5e7aacc2d2d3992257a460e7bd24541b9769,blk00215.dat,6811899,336847,20,1420603418
0000000000000000165e6add8fc67807fef4ea07bc224a968c82775b1e52eb18,blk00215.dat,5806257,749180,18,1420602875
000000000000000011b905d9018a99d571b82e408937e267f4d821cd1b482e00,blk00215.dat,4891923,377416,15,1420601086
000000000000000011117663678b6a7204ed85ab12e08af66f03382f1631f549,blk00215.dat,28806813,542243,87,1420600550
0000000000000000094c957bd880fb83d91839c7794c44848c4b2a0e9252e8e8,blk00215.dat,21908230,749153,70,1420600024
00000000000000001420bb1c29df2f6141903ffe55a76870e4c8e26dc2ac93cf,blk00216.dat,107492505,497253,649,1420598438
000000000000000013b49c324d58a7a81033ff881192049bd44a85c41501770b,blk00215.dat,4239606,344060,13,1420597322
0000000000000000167486505aedc6e9532451167d0c5956fd5b337d8127bf7c,blk00215.dat,114620242,199427,323,1420597031
00000000000000000cc8f2fbbf8a73f02f5c77774642b4b2063481cff6862f88,blk00215.dat,14329024,297237,42,1420596532
00000000000000001764b32e3e8ff1393c587e955ba7e787508a5cb9624a0fe4,blk00215.dat,113057807,187483,319,1420596403
000000000000000002ad8f9fea82b46fb393a2419c747137213d6400b78a69cd,blk00215.dat,14328818,206,41,1420595623
000000000000000001f8534a6473ab2754958579413c493809ba3a2e029f3fcb,blk00215.dat,13449428,477632,39,1420595581
000000000000000003a48c0cd199c2746dcc7f8ff497a3c15838c89f75c6ca5d,blk00215.dat,3224621,518177,10,1420594673
000000000000000011ad3464568228effeacc4b2202bb601f813fbebd8c75ec6,blk00215.dat,12680835,749115,38,1420594222
00000000000000001ae53829db4adea4e7d6f49eaffc2d219d83f529a6195800,blk00215.dat,2484657,204650,7,1420591995
00000000000000001482549b2a0f92a746a201da11dbdd7f37ea1ca00fd877ed,blk00215.dat,1973260,511401,6,1420591700
00000000000000000de3188a230ded0664d2630be1ac79692cbcfd089ceeb418,blk00215.dat,11943520,441880,36,1420590929
0000000000000000148e91a22fab815da5d33617669b45f5944f411e3491bdbc,blk00215.dat,8179521,498689,25,1420590908
000000000000000004c3ce2777117be752f26b30c510028d0ceba9035e4c84c1,blk00215.dat,5269338,149537,16,1420589442
000000000000000014f997c98b67248ef96e9b9c67cd9003a2f466852c72a1c9,blk00215.dat,11395627,473208,34,1420589177
00000000000000000986c8f5af87caa49412cc83f81c7c024a02a4e96aa18cf3,blk00215.dat,10477755,156658,32,1420588523
000000000000000015d45aeb008a79fd76884e8c5afc2b1f3ef34d3b9499ff00,blk00215.dat,1298186,460593,3,1420588212
000000000000000003870e9e7d836bf2b459b05ac458131afac9fb4c5b52981f,blk00215.dat,10085786,203075,30,1420587305
000000000000000017d2cbc8be6aa84cb3cf7c6abf264fcdbf274795d7bfc8be,blk00215.dat,4583662,308263,14,1420586832
0000000000000000068503570fd7b3b99130c96f08c3f37e5763ccadce5f060c,blk00215.dat,9966730,119056,29,1420586328
000000000000000002d456f1f18530677d8ebd4d43ce5852a62a2e229e19f171,blk00215.dat,749214,418216,1,1420586247
00000000000000001aa2bc3e44392